/**
 * @file embedded_novel.c
 * @brief Embedded novel content
 * 
 * Source: fanren_gbk.txt
 * Size: 22184 bytes
 */

#include <stdint.h>

const uint8_t embedded_novel_data[] = {
    0xa1, 0xb6, 0xb7, 0xb2, 0xc8, 0xcb, 0xd0, 0xde, 0xcf, 0xc9, 0xb4, 0xab, 0xa1, 0xb7, 0x20, 0xd7, 
    0xf7, 0xd5, 0xdf, 0xa3, 0xba, 0xcd, 0xfc, 0xd3, 0xef, 0x0a, 0x0a, 0x0a, 0xc4, 0xda, 0xc8, 0xdd, 
    0xbc, 0xf2, 0xbd, 0xe9, 0x0a, 0xa1, 0xa1, 0xa1, 0xa1, 0xd2, 0xbb, 0xb8, 0xf6, 0xc6, 0xd5, 0xcd, 
    0xa8, 0xc9, 0xbd, 0xb4, 0xe5, 0xd0, 0xa1, 0xd7, 0xd3, 0xa3, 0xac, 0xc5, 0xbc, 0xc8, 0xbb, 0xcf, 
    0xc2, 0xbd, 0xf8, 0xc8, 0xeb, 0xb5, 0xbd, 0xb5, 0xb1, 0xb5, 0xd8, 0xbd, 0xad, 0xba, 0xfe, 0xd0, 
    0xa1, 0xc3, 0xc5, 0xc5, 0xc9, 0xa3, 0xac, 0xb3, 0xc9, 0xc1, 0xcb, 0xd2, 0xbb, 0xc3, 0xfb, 0xbc, 
    0xc7, 0xc3, 0xfb, 0xb5, 0xdc, 0xd7, 0xd3, 0xa1, 0xa3, 0x0a, 0xa1, 0xa1, 0xa1, 0xa1, 0xcb, 0xfb, 
    0xd2, 0xd4, 0xd5, 0xe2, 0xd1, 0xf9, 0xc9, 0xed, 0xb7, 0xdd, 0xa3, 0xac, 0xc8, 0xe7, 0xba, 0xce, 
    0xd4, 0xda, 0xc3, 0xc5, 0xc5, 0xc9, 0xd6, 0xd0, 0xc1, 0xa2, 0xd7, 0xe3, 0xa3, 0xac, 0xc8, 0xe7, 
    0xba, 0xce, 0xd2, 0xd4, 0xc6, 0xbd, 0xd3, 0xb9, 0xb5, 0xc4, 0xd7, 0xca, 0xd6, 0xca, 0xbd, 0xf8, 
    0xc8, 0xeb, 0xb5, 0xbd, 0xd0, 0xde, 0xcf, 0xc9, 0xd5, 0xdf, 0xb5, 0xc4, 0xd0, 0xd0, 0xc1, 0xd0, 
    0xa3, 0xac, 0xb4, 0xd3, 0xb6, 0xf8, 0xd0, 0xa6, 0xb0, 0xc1, 0xc8, 0xfd, 0xbd, 0xe7, 0xd6, 0xae, 
    0xd6, 0xd0, 0xa3, 0xa1, 0x0a, 0x0a, 0x0a, 0xb5, 0xda, 0xd2, 0xbb, 0xbe, 0xed, 0x20, 0xc6, 0xdf, 
    0xd0, 0xfe, 0xc3, 0xc5, 0xb7, 0xe7, 0xd4, 0xc6, 0x0a, 0x0a, 0x0a, 0xb5, 0xda, 0xd2, 0xbb, 0xd5, 
    0xc2, 0x20, 0xc9, 0xbd, 0xb1, 0xdf, 0xd0, 0xa1, 0xb4, 0xe5, 0x0a, 0xa1, 0xa1, 0xa1, 0xa1, 0xb6, 
    0xfe, 0xe3, 0xb6, 0xd7, 0xd3, 0xd5, 0xf6, 0xb4, 0xf3, 0xd7, 0xc5, 0xcb, 0xab, 0xd1, 0xdb, 0xa3, 
    0xac, 0xd6, 0xb1, 0xd6, 0xb1, 0xcd, 0xfb, 0xd7, 0xc5, 0xc3, 0xa9, 0xb2, 0xdd, 0xba, 0xcd, 0xc0, 
    0xc3, 0xc4, 0xe0, 0xba, 0xfd, 0xb3, 0xc9, 0xb5, 0xc4, 0xba, 0xda, 0xce, 0xdd, 0xb6, 0xa5, 0xa3, 
    0xac, 0xc9, 0xed, 0xc9, 0xcf, 0xb8, 0xc7, 0xd7, 0xc5, 0xb5, 0xc4, 0xbe, 0xc9, 0xc3, 0xde, 0xb1, 
    0xbb, 0xa3, 0xac, 0xd2, 0xd1, 0xb3, 0xca, 0xc9, 0xee, 0xbb, 0xc6, 0xc9, 0xab, 0xa3, 0xac, 0xbf, 
    0xb4, 0xb2, 0xbb, 0xb3, 0xf6, 0xd4, 0xad, 0xc0, 0xb4, 0xb5, 0xc4, 0xb1, 0xbe, 0xc0, 0xb4, 0xc3, 
    0xe6, 0xc4, 0xbf, 0xa3, 0xac, 0xbb, 0xb9, 0xc8, 0xf4, 0xd3, 0xd0, 0xc8, 0xf4, 0xce, 0xde, 0xb5, 
    0xd8, 0xc9, 0xa2, 0xb7, 0xa2, 0xd7, 0xc5, 0xb5, 0xad, 0xb5, 0xad, 0xb5, 0xc4, 0xc3, 0xb9, 0xce, 
    0xb6, 0xa1, 0xa3, 0x0a, 0xa1, 0xa1, 0xa1, 0xa1, 0xd4, 0xda, 0xcb, 0xfb, 0xc9, 0xed, 0xb1, 0xdf, 
    0xbd, 0xf4, 0xb0, 0xa4, 0xd7, 0xc5, 0xb5, 0xc4, 0xc1, 0xed, 0xd2, 0xbb, 0xc8, 0xcb, 0xa3, 0xac, 
    0xca, 0xc7, 0xb6, 0xfe, 0xb8, 0xe7, 0xba, 0xab, 0xd6, 0xfd, 0xa3, 0xac, 0xba, 0xa8, 0xcb, 0xaf, 
    0xb5, 0xc4, 0xca, 0xae, 0xb7, 0xd6, 0xcf, 0xe3, 0xcc, 0xf0, 0xa3, 0xac, 0xb4, 0xd3, 0xcb, 0xfb, 
    0xc9, 0xed, 0xc9, 0xcf, 0xb2, 0xbb, 0xca, 0xb1, 0xb4, 0xab, 0xc0, 0xb4, 0xc7, 0xe1, 0xd6, 0xd8, 
    0xb2, 0xbb, 0xd2, 0xbb, 0xb5, 0xc4, 0xd5, 0xf3, 0xd5, 0xf3, 0xb4, 0xf2, 0xba, 0xf4, 0xc9, 0xf9, 
    0xa1, 0xa3, 0x0a, 0xa1, 0xa1, 0xa1, 0xa1, 0xc0, 0xeb, 0xb4, 0xb2, 0xb4, 0xf3, 0xd4, 0xbc, 0xb0, 
    0xeb, 0xd5, 0xc9, 0xd4, 0xb6, 0xb5, 0xc4, 0xb5, 0xd8, 0xb7, 0xbd, 0xa3, 0xac, 0xca, 0xc7, 0xd2, 
    0xbb, 0xb6, 0xc2, 0xbb, 0xc6, 0xc4, 0xe0, 0xba, 0xfd, 0xb3, 0xc9, 0xb5, 0xc4, 0xcd, 0xc1, 0xc7, 
    0xbd, 0xa3, 0xac, 0xd2, 0xf2, 0xce, 0xaa, 0xca, 0xb1, 0xbc, 0xe4, 0xb9, 0xfd, 0xbe, 0xc3, 0xa3, 
    0xac, 0xc7, 0xbd, 0xb1, 0xda, 0xc9, 0xcf, 0xc1, 0xd1, 0xbf, 0xaa, 0xc1, 0xcb, 0xbc, 0xb8, 0xcb, 
    0xbf, 0xb2, 0xbb, 0xc6, 0xf0, 0xd1, 0xdb, 0xb5, 0xc4, 0xcf, 0xb8, 0xb3, 0xa4, 0xbf, 0xda, 0xd7, 
    0xd3, 0xa3, 0xac, 0xb4, 0xd3, 0xd5, 0xe2, 0xd0, 0xa9, 0xc1, 0xd1, 0xce, 0xc6, 0xd6, 0xd0, 0xa3, 
    0xac, 0xd2, 0xfe, 0xd2, 0xfe, 0xd4, 0xbc, 0xd4, 0xbc, 0xb5, 0xc4, 0xb4, 0xab, 0xc0, 0xb4, 0xba, 
    0xab, 0xc4, 0xb8, 0xdf, 0xeb, 0xdf, 0xeb, 0xdf, 0xb6, 0xdf, 0xb6, 0xb5, 0xc4, 0xc2, 0xf1, 0xd4, 
    0xb9, 0xc9, 0xf9, 0xa3, 0xac, 0xc5, 0xbc, 0xb6, 0xfb, 0xbb, 0xb9, 0xb2, 0xf4, 0xd4, 0xd3, 0xd7, 
    0xc5, 0xba, 0xab, 0xb8, 0xb8, 0xa3, 0xac, 0xb3, 0xe9, 0xba, 0xb5, 0xd1, 0xcc, 0xb8, 0xcb, 0xb5, 
    0xc4, 0xa1, 0xb0, 0xc5, 0xbe, 0xe0, 0xaa, 0xa1, 0xb1, 0xa1, 0xb0, 0xc5, 0xbe, 0xe0, 0xaa, 0xa1, 
    0xb1, 0xce, 0xfc, 0xcb, 0xb1, 0xc9, 0xf9, 0xa1, 0xa3, 0x0a, 0xa1, 0xa1, 0xa1, 0xa1, 0xb6, 0xfe, 
    0xe3, 0xb6, 0xd7, 0xd3, 0xbb, 0xba, 0xbb, 0xba, 0xb5, 0xc4, 0xb1, 0xd5, 0xc9, 0xcf, 0xd2, 0xd1, 
    0xd3, 0xd0, 0xd0, 0xa9, 0xb7, 0xa2, 0xc9, 0xac, 0xb5, 0xc4, 0xcb, 0xab, 0xc4, 0xbf, 0xa3, 0xac, 
    0xc6, 0xc8, 0xca, 0xb9, 0xd7, 0xd4, 0xbc, 0xba, 0xbe, 0xa1, 0xd4, 0xe7, 0xbd, 0xf8, 0xc8, 0xeb, 
    0xc9, 0xee, 0xc9, 0xee, 0xb5, 0xc4, 0xcb, 0xaf, 0xc3, 0xce, 0xd6, 0xd0, 0xa1, 0xa3, 0xcb, 0xfb, 
    0xd0, 0xc4, 0xc0, 0xef, 0xb7, 0xc7, 0xb3, 0xa3, 0xc7, 0xe5, 0xb3, 0xfe, 0xa3, 0xac, 0xd4, 0xd9, 
    0xb2, 0xbb, 0xc0, 0xcf, 0xca, 0xb5, 0xc8, 0xeb, 0xcb, 0xaf, 0xb5, 0xc4, 0xbb, 0xb0, 0xa3, 0xac, 
    0xc3, 0xf7, 0xcc, 0xec, 0xbe, 0xcd, 0xce, 0xde, 0xb7, 0xa8, 0xd4, 0xe7, 0xc6, 0xf0, 0xc1, 0xcb, 
    0xa3, 0xac, 0xd2, 0xb2, 0xbe, 0xcd, 0xce, 0xde, 0xb7, 0xa8, 0xba, 0xcd, 0xc6, 0xe4, 0xcb, 0xfb, 
    0xd4, 0xbc, 0xba, 0xc3, 0xb5, 0xc4, 0xcd, 0xac, 0xb0, 0xe9, 0xd2, 0xbb, 0xc6, 0xf0, 0xbd, 0xf8, 
    0xc9, 0xbd, 0xbc, 0xf0, 0xb8, 0xc9, 0xb2, 0xf1, 0xa1, 0xa3, 0x0a, 0xa1, 0xa1, 0xa1, 0xa1, 0xb6, 
    0xfe, 0xe3, 0xb6, 0xd7, 0xd3, 0xd0, 0xd5, 0xba, 0xab, 0xc3, 0xfb, 0xc1, 0xa2, 0xa3, 0xac, 0xd5, 
    0xe2, 0xc3, 0xb4, 0xcf, 0xf1, 0xc4, 0xa3, 0xcf, 0xf1, 0xd1, 0xf9, 0xb5, 0xc4, 0xc3, 0xfb, 0xd7, 
    0xd6, 0xa3, 0xac, 0xcb, 0xfb, 0xb8, 0xb8, 0xc4, 0xb8, 0xbf, 0xc9, 0xc8, 0xa1, 0xb2, 0xbb, 0xb3, 
    0xf6, 0xc0, 0xb4, 0xa3, 0xac, 0xd5, 0xe2, 0xca, 0xc7, 0xcb, 0xfb, 0xb8, 0xb8, 0xc7, 0xd7, 0xd3, 
    0xc3, 0xc1, 0xbd, 0xb8, 0xf6, 0xb4, 0xd6, 0xc1, 0xb8, 0xd6, 0xc6, 0xb3, 0xc9, 0xb5, 0xc4, 0xce, 
    0xd1, 0xcd, 0xb7, 0xa3, 0xac, 0xc7, 0xf3, 0xb4, 0xe5, 0xc0, 0xef, 0xc0, 0xcf, 0xd5, 0xc5, 0xca, 
    0xe5, 0xb8, 0xf8, 0xc8, 0xa1, 0xb5, 0xc4, 0xc3, 0xfb, 0xd7, 0xd6, 0xa1, 0xa3, 0x0a, 0xa1, 0xa1, 
    0xa1, 0xa1, 0xc0, 0xcf, 0xd5, 0xc5, 0xca, 0xe5, 0xc4, 0xea, 0xc7, 0xe1, 0xca, 0xb1, 0xa3, 0xac, 
    0xd4, 0xf8, 0xbe, 0xad, 0xb8, 0xfa, 0xb3, 0xc7, 0xc0, 0xef, 0xb5, 0xc4, 0xd3, 0xd0, 0xc7, 0xae, 
    0xc8, 0xcb, 0xb5, 0xb1, 0xb9, 0xfd, 0xbc, 0xb8, 0xc4, 0xea, 0xb5, 0xc4, 0xb0, 0xe9, 0xb6, 0xc1, 
    0xca, 0xe9, 0xcd, 0xaf, 0xa3, 0xac, 0xca, 0xc7, 0xb4, 0xe5, 0xc0, 0xef, 0xce, 0xa8, 0xd2, 0xbb, 
    0xc8, 0xcf, 0xca, 0xb6, 0xbc, 0xb8, 0xb8, 0xf6, 0xd7, 0xd6, 0xb5, 0xc4, 0xb6, 0xc1, 0xca, 0xe9, 
    0xc8, 0xcb, 0xa3, 0xac, 0xb4, 0xe5, 0xc0, 0xef, 0xd0, 0xa1, 0xba, 0xa2, 0xd7, 0xd3, 0xb5, 0xc4, 
    0xc3, 0xfb, 0xd7, 0xd6, 0xa3, 0xac, 0xb5, 0xb9, 0xd3, 0xd0, 0xd2, 0xbb, 0xb6, 0xe0, 0xb0, 0xeb, 
    0xca, 0xc7, 0xcb, 0xfb, 0xb8, 0xf8, 0xc8, 0xa1, 0xb5, 0xc4, 0xa1, 0xa3, 0x0a, 0xa1, 0xa1, 0xa1, 
    0xa1, 0xba, 0xab, 0xc1, 0xa2, 0xb1, 0xbb, 0xb4, 0xe5, 0xc0, 0xef, 0xc8, 0xcb, 0xbd, 0xd0, 0xd7, 
    0xf7, 0xa1, 0xb0, 0xb6, 0xfe, 0xe3, 0xb6, 0xd7, 0xd3, 0xa1, 0xb1, 0xa3, 0xac, 0xbf, 0xc9, 0xc8, 
    0xcb, 0xb2, 0xa2, 0xb2, 0xbb, 0xca, 0xc7, 0xd5, 0xe6, 0xe3, 0xb6, 0xd5, 0xe6, 0xc9, 0xb5, 0xa3, 
    0xac, 0xb7, 0xb4, 0xb6, 0xf8, 0xca, 0xc7, 0xb4, 0xe5, 0xd6, 0xd0, 0xca, 0xd7, 0xc7, 0xfc, 0xd2, 
    0xbb, 0xd6, 0xb8, 0xb5, 0xc4, 0xb4, 0xcf, 0xc3, 0xf7, 0xba, 0xa2, 0xd7, 0xd3, 0xa3, 0xac, 0xb5, 
    0xab, 0xbe, 0xcd, 0xcf, 0xf1, 0xc6, 0xe4, 0xcb, 0xfb, 0xb4, 0xe5, 0xd6, 0xd0, 0xb5, 0xc4, 0xba, 
    0xa2, 0xd7, 0xd3, 0xd2, 0xbb, 0xd1, 0xf9, 0xa3, 0xac, 0xb3, 0xfd, 0xc1, 0xcb, 0xbc, 0xd2, 0xc0, 
    0xef, 0xc8, 0xcb, 0xcd, 0xe2, 0xa3, 0xac, 0xcb, 0xfb, 0xbe, 0xcd, 0xba, 0xdc, 0xc9, 0xd9, 0xcc, 
    0xfd, 0xb5, 0xbd, 0xd3, 0xd0, 0xc8, 0xcb, 0xd5, 0xfd, 0xca, 0xbd, 0xbd, 0xd0, 0xcb, 0xfb, 0xc3, 
    0xfb, 0xd7, 0xd6, 0xa1, 0xb0, 0xba, 0xab, 0xc1, 0xa2, 0xa1, 0xb1, 0xa3, 0xac, 0xb5, 0xb9, 0xca, 
    0xc7, 0xa1, 0xb0, 0xb6, 0xfe, 0xe3, 0xb6, 0xd7, 0xd3, 0xa1, 0xb1, 0xa1, 0xb0, 0xb6, 0xfe, 0xe3, 
    0xb6, 0xd7, 0xd3, 0xa1, 0xb1, 0xb5, 0xc4, 0xb3, 0xc6, 0xba, 0xf4, 0xd2, 0xbb, 0xd6, 0xb1, 0xb0, 
    0xe9, 0xcb, 0xe6, 0xd6, 0xc1, 0xbd, 0xf1, 0xa1, 0xa3, 0x0a, 0xa1, 0xa1, 0xa1, 0xa1, 0xb6, 0xf8, 
    0xd6, 0xae, 0xcb, 0xf9, 0xd2, 0xd4, 0xb1, 0xbb, 0xc8, 0xcb, 0xc6, 0xf0, 0xc1, 0xcb, 0xb8, 0xf6, 
    0xa1, 0xb0, 0xb6, 0xfe, 0xe3, 0xb6, 0xd7, 0xd3, 0xa1, 0xb1, 0xb5, 0xc4, 0xb4, 0xc2, 0xba, 0xc5, 
    0xa3, 0xac, 0xd2, 0xb2, 0xd6, 0xbb, 0xb2, 0xbb, 0xb9, 0xfd, 0xca, 0xc7, 0xd2, 0xf2, 0xce, 0xaa, 
    0xb4, 0xe5, 0xc0, 0xef, 0xd2, 0xd1, 0xd3, 0xd0, 0xd2, 0xbb, 0xb8, 0xf6, 0xbd, 0xd0, 0xa1, 0xb0, 
    0xe3, 0xb6, 0xd7, 0xd3, 0xa1, 0xb1, 0xb5, 0xc4, 0xba, 0xa2, 0xd7, 0xd3, 0xc1, 0xcb, 0xa1, 0xa3, 
    0x0a, 0xa1, 0xa1, 0xa1, 0xa1, 0xd5, 0xe2, 0xd2, 0xb2, 0xc3, 0xbb, 0xc9, 0xb6, 0xa3, 0xac, 0xb4, 
    0xe5, 0xc0, 0xef, 0xb5, 0xc4, 0xc6, 0xe4, 0xcb, 0xfb, 0xba, 0xa2, 0xd7, 0xd3, 0xd2, 0xb2, 0xca, 
    0xc7, 0xa1, 0xb0, 0xb9, 0xb7, 0xcd, 0xde, 0xa1, 0xb1, 0xa1, 0xb0, 0xb6, 0xfe, 0xb5, 0xb0, 0xa1, 
    0xb1, 0xd6, 0xae, 0xc0, 0xe0, 0xb5, 0xc4, 0xb1, 0xbb, 0xc8, 0xcb, 0xd2, 0xbb, 0xd6, 0xb1, 0xb3, 
    0xc6, 0xba, 0xf4, 0xd7, 0xc5, 0xa3, 0xac, 0xd5, 0xe2, 0xd0, 0xa9, 0xc3, 0xfb, 0xd7, 0xd6, 0xd2, 
    0xb2, 0xb2, 0xbb, 0xbc, 0xfb, 0xb5, 0xc3, 0xb1, 0xc8, 0xa1, 0xb0, 0xb6, 0xfe, 0xe3, 0xb6, 0xd7, 
    0xd3, 0xa1, 0xb1, 0xba, 0xc3, 0xcc, 0xfd, 0xb5, 0xbd, 0xc4, 0xc4, 0xc0, 0xef, 0xc8, 0xa5, 0xa1, 
    0xa3, 0x0a, 0xa1, 0xa1, 0xa1, 0xa1, 0xd2, 0xf2, 0xb4, 0xcb, 0xa3, 0xac, 0xba, 0xab, 0xc1, 0xa2, 
    0xcb, 0xe4, 0xc8, 0xbb, 0xb2, 0xa2, 0xb2, 0xbb, 0xcf, 0xb2, 0xbb, 0xb6, 0xd5, 0xe2, 0xb8, 0xf6, 
    0xb3, 0xc6, 0xba, 0xf4, 0xa3, 0xac, 0xb5, 0xab, 0xd2, 0xb2, 0xd6, 0xbb, 0xc4, 0xdc, 0xd5, 0xe2, 
    0xd1, 0xf9, 0xd2, 0xbb, 0xd6, 0xb1, 0xb5, 0xc4, 0xd7, 0xd4, 0xce, 0xd2, 0xb0, 0xb2, 0xce, 0xbf, 
    0xd7, 0xc5, 0xa1, 0xa3, 0x0a, 0xa1, 0xa1, 0xa1, 0xa1, 0xba, 0xab, 0xc1, 0xa2, 0xcd, 0xe2, 0xb1, 
    0xed, 0xb3, 0xa4, 0xb5, 0xc3, 0xba, 0xdc, 0xb2, 0xbb, 0xc6, 0xf0, 0xd1, 0xdb, 0xa3, 0xac, 0xc6, 
    0xa4, 0xb7, 0xf4, 0xba, 0xda, 0xba, 0xda, 0xb5, 0xc4, 0xa3, 0xac, 0xbe, 0xcd, 0xca, 0xc7, 0xd2, 
    0xbb, 0xb8, 0xf6, 0xc6, 0xd5, 0xcd, 0xa8, 0xb5, 0xc4, 0xc5, 0xa9, 0xbc, 0xd2, 0xd0, 0xa1, 0xba, 
    0xa2, 0xc4, 0xa3, 0xd1, 0xf9, 0xa1, 0xa3, 0xb5, 0xab, 0xcb, 0xfb, 0xb5, 0xc4, 0xc4, 0xda, 0xd0, 
    0xc4, 0xc9, 0xee, 0xb4, 0xa6, 0xa3, 0xac, 0xc8, 0xb4, 0xb1, 0xc8, 0xcd, 0xac, 0xc1, 0xe4, 0xc8, 
    0xcb, 0xd4, 0xe7, 0xca, 0xec, 0xc1, 0xcb, 0xd0, 0xed, 0xb6, 0xe0, 0xa3, 0xac, 0xcb, 0xfb, 0xb4, 
    0xd3, 0xd0, 0xa1, 0xbe, 0xcd, 0xcf, 0xf2, 0xcd, 0xf9, 0xcd, 0xe2, 0xc3, 0xe6, 0xca, 0xc0, 0xbd, 
    0xe7, 0xb5, 0xc4, 0xb8, 0xbb, 0xc8, 0xc4, 0xb7, 0xb1, 0xbb, 0xaa, 0xa3, 0xac, 0xc3, 0xce, 0xcf, 
    0xeb, 0xd3, 0xd0, 0xd2, 0xbb, 0xcc, 0xec, 0xa3, 0xac, 0xcb, 0xfb, 0xc4, 0xdc, 0xd7, 0xdf, 0xb3, 
    0xf6, 0xd5, 0xe2, 0xb8, 0xf6, 0xb0, 0xcd, 0xd5, 0xc6, 0xb4, 0xf3, 0xb5, 0xc4, 0xb4, 0xe5, 0xd7, 
    0xd3, 0xa3, 0xac, 0xc8, 0xa5, 0xbf, 0xb4, 0xbf, 0xb4, 0xc0, 0xcf, 0xd5, 0xc5, 0xca, 0xe5, 0xbe, 
    0xad, 0xb3, 0xa3, 0xcb, 0xf9, 0xcb, 0xb5, 0xb5, 0xc4, 0xcd, 0xe2, 0xc3, 0xe6, 0xca, 0xc0, 0xbd, 
    0xe7, 0xa1, 0xa3, 0x0a, 0xa1, 0xa1, 0xa1, 0xa1, 0xb5, 0xb1, 0xc8, 0xbb, 0xba, 0xab, 0xc1, 0xa2, 
    0xb5, 0xc4, 0xd5, 0xe2, 0xb8, 0xf6, 0xcf, 0xeb, 0xb7, 0xa8, 0xa3, 0xac, 0xd2, 0xbb, 0xd6, 0xb1, 
    0xc3, 0xbb, 0xb8, 0xd2, 0xba, 0xcd, 0xc6, 0xe4, 0xcb, 0xfb, 0xc8, 0xcb, 0xcb, 0xb5, 0xc6, 0xf0, 
    0xb9, 0xfd, 0xa1, 0xa3, 0xb7, 0xf1, 0xd4, 0xf2, 0xa3, 0xac, 0xd2, 0xbb, 0xb6, 0xa8, 0xbb, 0xe1, 
    0xca, 0xb9, 0xb4, 0xe5, 0xc0, 0xef, 0xc8, 0xcb, 0xb8, 0xd0, 0xb5, 0xbd, 0xe3, 0xb5, 0xc8, 0xbb, 
    0xa3, 0xac, 0xd2, 0xbb, 0xb8, 0xf6, 0xc8, 0xe9, 0xb3, 0xf4, 0xce, 0xb4, 0xb8, 0xc9, 0xb5, 0xc4, 
    0xd0, 0xa1, 0xc6, 0xa8, 0xba, 0xa2, 0xa3, 0xac, 0xbe, 0xb9, 0xc8, 0xbb, 0xbb, 0xe1, 0xd3, 0xd0, 
    0xd5, 0xe2, 0xc3, 0xb4, 0xd2, 0xbb, 0xb8, 0xf6, 0xb4, 0xf3, 0xc8, 0xcb, 0xd2, 0xb2, 0xb2, 0xbb, 
    0xb8, 0xd2, 0xc7, 0xe1, 0xd2, 0xd7, 0xcf, 0xeb, 0xb5, 0xc4, 0xc4, 0xee, 0xcd, 0xb7, 0xa1, 0xa3, 
    0xd2, 0xaa, 0xd6, 0xaa, 0xb5, 0xc0, 0xa3, 0xac, 0xc6, 0xe4, 0xcb, 0xfb, 0xcd, 0xac, 0xba, 0xab, 
    0xc1, 0xa2, 0xb2, 0xee, 0xb2, 0xbb, 0xb6, 0xe0, 0xb4, 0xf3, 0xb5, 0xc4, 0xd0, 0xa1, 0xba, 0xa2, 
    0xa3, 0xac, 0xb6, 0xbc, 0xbb, 0xb9, 0xd6, 0xbb, 0xbb, 0xe1, 0xc2, 0xfa, 0xb4, 0xe5, 0xb5, 0xc4, 
    0xd7, 0xb7, 0xbc, 0xa6, 0xc3, 0xfe, 0xb9, 0xb7, 0xa3, 0xac, 0xb8, 0xfc, 0xb1, 0xf0, 0xcb, 0xb5, 
    0xbb, 0xe1, 0xd3, 0xd0, 0xc0, 0xeb, 0xbf, 0xaa, 0xb9, 0xca, 0xcd, 0xc1, 0xd5, 0xe2, 0xc3, 0xb4, 
    0xd2, 0xbb, 0xb8, 0xf6, 0xb9, 0xc5, 0xb9, 0xd6, 0xb5, 0xc4, 0xc4, 0xee, 0xcd, 0xb7, 0xa1, 0xa3, 
    0x0a, 0xa1, 0xa1, 0xa1, 0xa1, 0xba, 0xab, 0xc1, 0xa2, 0xd2, 0xbb, 0xbc, 0xd2, 0xc6, 0xdf, 0xbf, 
    0xda, 0xc8, 0xcb, 0xa3, 0xac, 0xd3, 0xd0, 0xc1, 0xbd, 0xb8, 0xf6, 0xd0, 0xd6, 0xb3, 0xa4, 0xa3, 
    0xac, 0xd2, 0xbb, 0xb8, 0xf6, 0xbd, 0xe3, 0xbd, 0xe3, 0xa3, 0xac, 0xbb, 0xb9, 0xd3, 0xd0, 0xd2, 
    0xbb, 0xb8, 0xf6, 0xd0, 0xa1, 0xc3, 0xc3, 0xa3, 0xac, 0xcb, 0xfb, 0xd4, 0xda, 0xbc, 0xd2, 0xc0, 
    0xef, 0xc5, 0xc5, 0xd0, 0xd0, 0xc0, 0xcf, 0xcb, 0xc4, 0xa3, 0xac, 0xbd, 0xf1, 0xc4, 0xea, 0xb8, 
    0xd5, 0xca, 0xae, 0xcb, 0xea, 0xa3, 0xac, 0xbc, 0xd2, 0xc0, 0xef, 0xb5, 0xc4, 0xc9, 0xfa, 0xbb, 
    0xee, 0xba, 0xdc, 0xc7, 0xe5, 0xbf, 0xe0, 0xa3, 0xac, 0xd2, 0xbb, 0xc4, 0xea, 0xd2, 0xb2, 0xb3, 
    0xd4, 0xb2, 0xbb, 0xc9, 0xcf, 0xbc, 0xb8, 0xb6, 0xd9, 0xb4, 0xf8, 0xbb, 0xe7, 0xd0, 0xc8, 0xb5, 
    0xc4, 0xb7, 0xb9, 0xb2, 0xcb, 0xa3, 0xac, 0xc8, 0xab, 0xbc, 0xd2, 0xc8, 0xcb, 0xd2, 0xbb, 0xd6, 
    0xb1, 0xd4, 0xda, 0xce, 0xc2, 0xb1, 0xa5, 0xcf, 0xdf, 0xc9, 0xcf, 0xc5, 0xc7, 0xbb, 0xb2, 0xd7, 
    0xc5, 0xa1, 0xa3, 0x0a, 0xa1, 0xa1, 0xa1, 0xa1, 0xb4, 0xcb, 0xca, 0xb1, 0xb5, 0xc4, 0xba, 0xab, 
    0xc1, 0xa2, 0xa3, 0xac, 0xd5, 0xfd, 0xb4, 0xa6, 0xd3, 0xda, 0xc3, 0xd4, 0xc3, 0xd4, 0xba, 0xfd, 
    0xba, 0xfd, 0xa1, 0xa2, 0xcb, 0xc6, 0xcb, 0xaf, 0xce, 0xb4, 0xcb, 0xaf, 0xd6, 0xae, 0xbc, 0xe4, 
    0xa3, 0xac, 0xc4, 0xd4, 0xd6, 0xd0, 0xbb, 0xb9, 0xd2, 0xbb, 0xd6, 0xb1, 0xb2, 0xd0, 0xc1, 0xf4, 
    0xd7, 0xc5, 0xd5, 0xe2, 0xd1, 0xf9, 0xb5, 0xc4, 0xc4, 0xee, 0xcd, 0xb7, 0xa3, 0xba, 0xc9, 0xcf, 
    0xc9, 0xbd, 0xca, 0xb1, 0xa3, 0xac, 0xd2, 0xbb, 0xb6, 0xa8, 0xd2, 0xaa, 0xb0, 0xef, 0xcb, 0xfb, 
    0xd7, 0xee, 0xcc, 0xdb, 0xb0, 0xae, 0xb5, 0xc4, 0xc3, 0xc3, 0xc3, 0xc3, 0xa3, 0xac, 0xb6, 0xe0, 
    0xbc, 0xf0, 0xd0, 0xa9, 0xcb, 0xfd, 0xd7, 0xee, 0xcf, 0xb2, 0xbb, 0xb6, 0xb3, 0xd4, 0xb5, 0xc4, 
    0xba, 0xec, 0xbd, 0xac, 0xb9, 0xfb, 0xa1, 0xa3, 0x0a, 0xa1, 0xa1, 0xa1, 0xa1, 0xb5, 0xda, 0xb6, 
    0xfe, 0xcc, 0xec, 0xd6, 0xd0, 0xce, 0xe7, 0xca, 0xb1, 0xb7, 0xd6, 0xa3, 0xac, 0xb5, 0xb1, 0xba, 
    0xab, 0xc1, 0xa2, 0xb6, 0xa5, 0xd7, 0xc5, 0xbb, 0xf0, 0xc0, 0xb1, 0xc0, 0xb1, 0xb5, 0xc4, 0xcc, 
    0xab, 0xd1, 0xf4, 0xa3, 0xac, 0xb1, 0xb3, 0xd7, 0xc5, 0xb0, 0xeb, 0xc8, 0xcb, 0xb8, 0xdf, 0xb5, 
    0xc4, 0xc4, 0xbe, 0xb2, 0xf1, 0xb6, 0xd1, 0xa3, 0xac, 0xbb, 0xb3, 0xc0, 0xef, 0xbb, 0xb9, 0xb4, 
    0xa7, 0xd7, 0xc5, 0xc2, 0xfa, 0xc2, 0xfa, 0xd2, 0xbb, 0xb2, 0xbc, 0xb4, 0xfc, 0xbd, 0xac, 0xb9, 
    0xfb, 0xa3, 0xac, 0xb4, 0xd3, 0xc9, 0xbd, 0xc0, 0xef, 0xcd, 0xf9, 0xbc, 0xd2, 0xc0, 0xef, 0xb8, 
    0xcf, 0xb5, 0xc4, 0xca, 0xb1, 0xba, 0xf2, 0xa3, 0xac, 0xb2, 0xa2, 0xb2, 0xbb, 0xd6, 0xaa, 0xb5, 
    0xc0, 0xbc, 0xd2, 0xd6, 0xd0, 0xd2, 0xd1, 0xbe, 0xad, 0xc0, 0xb4, 0xc1, 0xcb, 0xd2, 0xbb, 0xce, 
    0xbb, 0xa3, 0xac, 0xbb, 0xe1, 0xb8, 0xc4, 0xb1, 0xe4, 0xcb, 0xfb, 0xd2, 0xbb, 0xc9, 0xfa, 0xc3, 
    0xfc, 0xd4, 0xcb, 0xb5, 0xc4, 0xbf, 0xcd, 0xc8, 0xcb, 0xa1, 0xa3, 0x0a, 0xa1, 0xa1, 0xa1, 0xa1, 
    0xd5, 0xe2, 0xce, 0xbb, 0xb9, 0xf3, 0xbf, 0xcd, 0xa3, 0xac, 0xca, 0xc7, 0xb8, 0xfa, 0xcb, 0xfb, 
    0xd1, 0xaa, 0xd4, 0xb5, 0xba, 0xdc, 0xbd, 0xfc, 0xb5, 0xc4, 0xd2, 0xbb, 0xce, 0xbb, 0xd6, 0xc1, 
    0xc7, 0xd7, 0xa1, 0xaa, 0xa1, 0xaa, 0xcb, 0xfb, 0xb5, 0xc4, 0xc7, 0xd7, 0xc8, 0xfd, 0xca, 0xe5, 
    0xa1, 0xa3, 0x0a, 0xa1, 0xa1, 0xa1, 0xa1, 0xcc, 0xfd, 0xcb, 0xb5, 0xa3, 0xac, 0xd4, 0xda, 0xb8, 
    0xbd, 0xbd, 0xfc, 0xd2, 0xbb, 0xb8, 0xf6, 0xd0, 0xa1, 0xb3, 0xc7, 0xb5, 0xc4, 0xbe, 0xc6, 0xc2, 
    0xa5, 0xa3, 0xac, 0xb8, 0xf8, 0xc8, 0xcb, 0xb5, 0xb1, 0xb4, 0xf3, 0xd5, 0xc6, 0xb9, 0xf1, 0xa3, 
    0xac, 0xca, 0xc7, 0xcb, 0xfb, 0xb8, 0xb8, 0xc4, 0xb8, 0xbf, 0xda, 0xd6, 0xd0, 0xb5, 0xc4, 0xb4, 
    0xf3, 0xc4, 0xdc, 0xc8, 0xcb, 0xa1, 0xa3, 0xba, 0xab, 0xbc, 0xd2, 0xbd, 0xfc, 0xb0, 0xd9, 0xc4, 
    0xea, 0xc0, 0xb4, 0xa3, 0xac, 0xbf, 0xc9, 0xc4, 0xdc, 0xbe, 0xcd, 0xb3, 0xf6, 0xc1, 0xcb, 0xc8, 
    0xfd, 0xca, 0xe5, 0xd5, 0xe2, 0xc3, 0xb4, 0xd2, 0xbb, 0xce, 0xbb, 0xd3, 0xd0, 0xb5, 0xe3, 0xc9, 
    0xed, 0xb7, 0xdd, 0xb5, 0xc4, 0xc7, 0xd7, 0xc6, 0xdd, 0xa1, 0xa3, 0x0a, 0xa1, 0xa1, 0xa1, 0xa1, 
    0xba, 0xab, 0xc1, 0xa2, 0xd6, 0xbb, 0xd4, 0xda, 0xba, 0xdc, 0xd0, 0xa1, 0xb5, 0xc4, 0xca, 0xb1, 
    0xba, 0xf2, 0xa3, 0xac, 0xbc, 0xfb, 0xb9, 0xfd, 0xd5, 0xe2, 0xce, 0xbb, 0xc8, 0xfd, 0xca, 0xe5, 
    0xbc, 0xb8, 0xb4, 0xce, 0xa1, 0xa3, 0xcb, 0xfb, 0xb4, 0xf3, 0xb8, 0xe7, 0xd4, 0xda, 0xb3, 0xc7, 
    0xc0, 0xef, 0xb8, 0xf8, 0xd2, 0xbb, 0xce, 0xbb, 0xc0, 0xcf, 0xcc, 0xfa, 0xbd, 0xb3, 0xb5, 0xb1, 
    0xd1, 0xa7, 0xcd, 0xbd, 0xb5, 0xc4, 0xb9, 0xa4, 0xd7, 0xf7, 0xa3, 0xac, 0xbe, 0xcd, 0xca, 0xc7, 
    0xd5, 0xe2, 0xce, 0xbb, 0xc8, 0xfd, 0xca, 0xe5, 0xb8, 0xf8, 0xbd, 0xe9, 0xc9, 0xdc, 0xb5, 0xc4, 
    0xa3, 0xac, 0xd5, 0xe2, 0xce, 0xbb, 0xc8, 0xfd, 0xca, 0xe5, 0xbb, 0xb9, 0xbe, 0xad, 0xb3, 0xa3, 
    0xcd, 0xd0, 0xc8, 0xcb, 0xb8, 0xf8, 0xcb, 0xfb, 0xb8, 0xb8, 0xc4, 0xb8, 0xc9, 0xd3, 0xb4, 0xf8, 
    0xd2, 0xbb, 0xd0, 0xa9, 0xb3, 0xd4, 0xb5, 0xc4, 0xa1, 0xa2, 0xd3, 0xc3, 0xb5, 0xc4, 0xb6, 0xab, 
    0xce, 0xf7, 0xa3, 0xac, 0xba, 0xdc, 0xca, 0xc7, 0xd5, 0xd5, 0xb9, 0xcb, 0xcb, 0xfb, 0xc3, 0xc7, 
    0xd2, 0xbb, 0xbc, 0xd2, 0xa3, 0xac, 0xd2, 0xf2, 0xb4, 0xcb, 0xba, 0xab, 0xc1, 0xa2, 0xb6, 0xd4, 
    0xd5, 0xe2, 0xce, 0xbb, 0xc8, 0xfd, 0xca, 0xe5, 0xb5, 0xc4, 0xd3, 0xa1, 0xcf, 0xf3, 0xd2, 0xb2, 
    0xba, 0xdc, 0xba, 0xc3, 0xa3, 0xac, 0xd6, 0xaa, 0xb5, 0xc0, 0xb8, 0xb8, 0xc4, 0xb8, 0xcb, 0xe4, 
    0xc8, 0xbb, 0xd7, 0xec, 0xc0, 0xef, 0xb2, 0xbb, 0xcb, 0xb5, 0xa3, 0xac, 0xd0, 0xc4, 0xc0, 0xef, 
    0xd2, 0xb2, 0xca, 0xc7, 0xba, 0xdc, 0xb8, 0xd0, 0xbc, 0xa4, 0xb5, 0xc4, 0xa1, 0xa3, 0x0a, 0xa1, 
    0xa1, 0xa1, 0xa1, 0xb4, 0xf3, 0xb8, 0xe7, 0xbf, 0xc9, 0xca, 0xc7, 0xd2, 0xbb, 0xbc, 0xd2, 0xc8, 
    0xcb, 0xb5, 0xc4, 0xbd, 0xbe, 0xb0, 0xc1, 0xa3, 0xac, 0xcc, 0xfd, 0xcb, 0xb5, 0xb5, 0xb1, 0xcc, 
    0xfa, 0xbd, 0xb3, 0xb5, 0xc4, 0xd1, 0xa7, 0xcd, 0xbd, 0xa3, 0xac, 0xb2, 0xbb, 0xb5, 0xab, 0xb9, 
    0xdc, 0xb3, 0xd4, 0xb9, 0xdc, 0xd7, 0xa1, 0xa3, 0xac, 0xd2, 0xbb, 0xb8, 0xf6, 0xd4, 0xc2, 0xbb, 
    0xb9, 0xd3, 0xd0, 0xc8, 0xfd, 0xca, 0xae, 0xb8, 0xf6, 0xcd, 0xad, 0xb0, 0xe5, 0xc4, 0xc3, 0xa3, 
    0xac, 0xb5, 0xc8, 0xb5, 0xbd, 0xd5, 0xfd, 0xca, 0xbd, 0xb3, 0xf6, 0xca, 0xa6, 0xb1, 0xbb, 0xc8, 
    0xcb, 0xb9, 0xcd, 0xd3, 0xc3, 0xca, 0xb1, 0xa3, 0xac, 0xd5, 0xf5, 0xb5, 0xc4, 0xc7, 0xae, 0xbf, 
    0xc9, 0xbe, 0xcd, 0xb8, 0xfc, 0xb6, 0xe0, 0xc1, 0xcb, 0xa1, 0xa3, 0x0a, 0xa1, 0xa1, 0xa1, 0xa1, 
    0xc3, 0xbf, 0xb5, 0xb1, 0xb8, 0xb8, 0xc4, 0xb8, 0xd2, 0xbb, 0xcc, 0xe1, 0xc6, 0xf0, 0xb4, 0xf3, 
    0xb8, 0xe7, 0xa3, 0xac, 0xbe, 0xcd, 0xc9, 0xf1, 0xb2, 0xc9, 0xb7, 0xc9, 0xd1, 0xef, 0xa3, 0xac, 
    0xcf, 0xf1, 0xbb, 0xbb, 0xc1, 0xcb, 0xd2, 0xbb, 0xb8, 0xf6, 0xc8, 0xcb, 0xd2, 0xbb, 0xd1, 0xf9, 
    0xa1, 0xa3, 0xba, 0xab, 0xc1, 0xa2, 0xc4, 0xea, 0xc1, 0xe4, 0xcb, 0xe4, 0xd0, 0xa1, 0xa3, 0xac, 
    0xd2, 0xb2, 0xcf, 0xdb, 0xc4, 0xbd, 0xb2, 0xbb, 0xd2, 0xd1, 0xa3, 0xac, 0xd0, 0xc4, 0xc4, 0xbf, 
    0xd6, 0xd0, 0xd7, 0xee, 0xba, 0xc3, 0xb5, 0xc4, 0xb9, 0xa4, 0xd7, 0xf7, 0xd2, 0xb2, 0xd4, 0xe7, 
    0xd4, 0xe7, 0xbe, 0xcd, 0xd3, 0xd0, 0xc1, 0xcb, 0xa3, 0xac, 0xbe, 0xcd, 0xca, 0xc7, 0xb1, 0xbb, 
    0xd0, 0xa1, 0xb3, 0xc7, 0xc0, 0xef, 0xb5, 0xc4, 0xc4, 0xc4, 0xce, 0xbb, 0xca, 0xd6, 0xd2, 0xd5, 
    0xca, 0xa6, 0xb8, 0xb5, 0xbf, 0xb4, 0xc9, 0xcf, 0xa3, 0xac, 0xca, 0xd5, 0xd7, 0xf6, 0xd1, 0xa7, 
    0xcd, 0xbd, 0xa3, 0xac, 0xb4, 0xd3, 0xb4, 0xcb, 0xb1, 0xe4, 0xb3, 0xc9, 0xbf, 0xbf, 0xca, 0xd6, 
    0xd2, 0xd5, 0xb3, 0xd4, 0xb7, 0xb9, 0xb5, 0xc4, 0xcc, 0xe5, 0xc3, 0xe6, 0xc8, 0xcb, 0xa1, 0xa3, 
    0x0a, 0xa1, 0xa1, 0xa1, 0xa1, 0xcb, 0xf9, 0xd2, 0xd4, 0xb5, 0xb1, 0xba, 0xab, 0xc1, 0xa2, 0xbc, 
    0xfb, 0xb5, 0xbd, 0xb4, 0xa9, 0xd7, 0xc5, 0xd2, 0xbb, 0xc9, 0xed, 0xd5, 0xb8, 0xd0, 0xc2, 0xb5, 
    0xc4, 0xb6, 0xd0, 0xd7, 0xd3, 0xd2, 0xc2, 0xb7, 0xfe, 0xa3, 0xac, 0xc5, 0xd6, 0xc5, 0xd6, 0xb5, 
    0xc4, 0xd4, 0xb2, 0xc1, 0xb3, 0xa3, 0xac, 0xc1, 0xf4, 0xd7, 0xc5, 0xd2, 0xbb, 0xb4, 0xe9, 0xd0, 
    0xa1, 0xba, 0xfa, 0xd7, 0xd3, 0xb5, 0xc4, 0xc8, 0xfd, 0xca, 0xe5, 0xca, 0xb1, 0xa3, 0xac, 0xd0, 
    0xc4, 0xc0, 0xef, 0xd0, 0xcb, 0xb7, 0xdc, 0xbc, 0xab, 0xc1, 0xcb, 0xa1, 0xa3, 0x0a, 0xa1, 0xa1, 
    0xa1, 0xa1, 0xb0, 0xd1, 0xc4, 0xbe, 0xb2, 0xf1, 0xd4, 0xda, 0xce, 0xdd, 0xba, 0xf3, 0xb7, 0xc5, 
    0xba, 0xc3, 0xba, 0xf3, 0xa3, 0xac, 0xb1, 0xe3, 0xb5, 0xbd, 0xc7, 0xb0, 0xce, 0xdd, 0xeb, 0xef, 
    0xcc, 0xf3, 0xb5, 0xc4, 0xb8, 0xf8, 0xc8, 0xfd, 0xca, 0xe5, 0xbc, 0xfb, 0xc1, 0xcb, 0xb8, 0xf6, 
    0xc0, 0xf1, 0xa3, 0xac, 0xb9, 0xd4, 0xb9, 0xd4, 0xb5, 0xc4, 0xbd, 0xd0, 0xc1, 0xcb, 0xc9, 0xf9, 
    0xa3, 0xba, 0xa1, 0xb0, 0xc8, 0xfd, 0xca, 0xe5, 0xba, 0xc3, 0xa1, 0xb1, 0xa3, 0xac, 0xbe, 0xcd, 
    0xc0, 0xcf, 0xc0, 0xcf, 0xca, 0xb5, 0xca, 0xb5, 0xb5, 0xc4, 0xd5, 0xbe, 0xd4, 0xda, 0xd2, 0xbb, 
    0xb1, 0xdf, 0xa3, 0xac, 0xcc, 0xfd, 0xb8, 0xb8, 0xc4, 0xb8, 0xcd, 0xac, 0xc8, 0xfd, 0xca, 0xe5, 
    0xc1, 0xc4, 0xcc, 0xec, 0xa1, 0xa3, 0x0a, 0xa1, 0xa1, 0xa1, 0xa1, 0xc8, 0xfd, 0xca, 0xe5, 0xd0, 
    0xa6, 0xc3, 0xd0, 0xc3, 0xd0, 0xb5, 0xc4, 0xcd, 0xfb, 0xd7, 0xc5, 0xba, 0xab, 0xc1, 0xa2, 0xa3, 
    0xac, 0xb4, 0xf2, 0xc1, 0xbf, 0xd7, 0xc5, 0xcb, 0xfb, 0xd2, 0xbb, 0xb7, 0xac, 0xa3, 0xac, 0xd7, 
    0xec, 0xc0, 0xef, 0xbf, 0xe4, 0xc1, 0xcb, 0xcb, 0xfb, 0xbc, 0xb8, 0xbe, 0xe4, 0xa1, 0xb0, 0xcc, 
    0xfd, 0xbb, 0xb0, 0xa1, 0xb1, 0xa1, 0xb0, 0xb6, 0xae, 0xca, 0xc2, 0xa1, 0xb1, 0xd6, 0xae, 0xc0, 
    0xe0, 0xb5, 0xc4, 0xbb, 0xb0, 0xa3, 0xac, 0xc8, 0xbb, 0xba, 0xf3, 0xbe, 0xcd, 0xd7, 0xaa, 0xb9, 
    0xfd, 0xcd, 0xb7, 0xa3, 0xac, 0xba, 0xcd, 0xcb, 0xfb, 0xb8, 0xb8, 0xc4, 0xb8, 0xcb, 0xb5, 0xc6, 
    0xf0, 0xd5, 0xe2, 0xb4, 0xce, 0xb5, 0xc4, 0xc0, 0xb4, 0xd2, 0xe2, 0xa1, 0xa3, 0x0a, 0xa1, 0xa1, 
    0xa1, 0xa1, 0xba, 0xab, 0xc1, 0xa2, 0xcb, 0xe4, 0xc8, 0xbb, 0xc4, 0xea, 0xc1, 0xe4, 0xc9, 0xd0, 
    0xd0, 0xa1, 0xa3, 0xac, 0xb2, 0xbb, 0xc4, 0xdc, 0xcd, 0xea, 0xc8, 0xab, 0xcc, 0xfd, 0xb6, 0xae, 
    0xc8, 0xfd, 0xca, 0xe5, 0xb5, 0xc4, 0xbb, 0xb0, 0xa3, 0xac, 0xb5, 0xab, 0xd2, 0xb2, 0xcc, 0xfd, 
    0xc3, 0xf7, 0xb0, 0xd7, 0xc1, 0xcb, 0xb4, 0xf3, 0xb8, 0xc5, 0xb5, 0xc4, 0xd2, 0xe2, 0xcb, 0xbc, 
    0xa1, 0xa3, 0x0a, 0xa1, 0xa1, 0xa1, 0xa1, 0xd4, 0xad, 0xc0, 0xb4, 0xc8, 0xfd, 0xca, 0xe5, 0xb9, 
    0xa4, 0xd7, 0xf7, 0xb5, 0xc4, 0xbe, 0xc6, 0xc2, 0xa5, 0xa3, 0xac, 0xca, 0xf4, 0xd3, 0xda, 0xd2, 
    0xbb, 0xb8, 0xf6, 0xbd, 0xd0, 0xa1, 0xb0, 0xc6, 0xdf, 0xd0, 0xfe, 0xc3, 0xc5, 0xa1, 0xb1, 0xb5, 
    0xc4, 0xbd, 0xad, 0xba, 0xfe, 0xc3, 0xc5, 0xc5, 0xc9, 0xcb, 0xf9, 0xd3, 0xd0, 0xa3, 0xac, 0xd5, 
    0xe2, 0xb8, 0xf6, 0xc3, 0xc5, 0xc5, 0xc9, 0xd3, 0xd0, 0xcd, 0xe2, 0xc3, 0xc5, 0xba, 0xcd, 0xc4, 
    0xda, 0xc3, 0xc5, 0xd6, 0xae, 0xb7, 0xd6, 0xa3, 0xac, 0xb6, 0xf8, 0xc7, 0xb0, 0xb2, 0xbb, 0xbe, 
    0xc3, 0xa3, 0xac, 0xc8, 0xfd, 0xca, 0xe5, 0xb2, 0xc5, 0xd5, 0xfd, 0xca, 0xbd, 0xb3, 0xc9, 0xce, 
    0xaa, 0xc1, 0xcb, 0xd5, 0xe2, 0xb8, 0xf6, 0xc3, 0xc5, 0xc5, 0xc9, 0xb5, 0xc4, 0xcd, 0xe2, 0xc3, 
    0xc5, 0xb5, 0xdc, 0xd7, 0xd3, 0xa3, 0xac, 0xc4, 0xdc, 0xb9, 0xbb, 0xbe, 0xd9, 0xbc, 0xf6, 0xc6, 
    0xdf, 0xcb, 0xea, 0xb5, 0xbd, 0xca, 0xae, 0xb6, 0xfe, 0xcb, 0xea, 0xb5, 0xc4, 0xba, 0xa2, 0xcd, 
    0xaf, 0xc8, 0xa5, 0xb2, 0xce, 0xbc, 0xd3, 0xc6, 0xdf, 0xd0, 0xfe, 0xc3, 0xc5, 0xd5, 0xd0, 0xca, 
    0xd5, 0xc4, 0xda, 0xc3, 0xc5, 0xb5, 0xdc, 0xd7, 0xd3, 0xb5, 0xc4, 0xbf, 0xbc, 0xd1, 0xe9, 0xa1, 
    0xa3, 0x0a, 0xa1, 0xa1, 0xa1, 0xa1, 0xce, 0xe5, 0xc4, 0xea, 0xd2, 0xbb, 0xb4, 0xce, 0xb5, 0xc4, 
    0xa1, 0xb0, 0xc6, 0xdf, 0xd0, 0xfe, 0xc3, 0xc5, 0xa1, 0xb1, 0xd5, 0xd0, 0xca, 0xd5, 0xc4, 0xda, 
    0xc3, 0xc5, 0xb5, 0xdc, 0xd7, 0xd3, 0xb2, 0xe2, 0xca, 0xd4, 0xa3, 0xac, 0xcf, 0xc2, 0xb8, 0xf6, 
    0xd4, 0xc2, 0xbe, 0xcd, 0xd2, 0xaa, 0xbf, 0xaa, 0xca, 0xbc, 0xc1, 0xcb, 0xa1, 0xa3, 0xd5, 0xe2, 
    0xce, 0xbb, 0xd3, 0xd0, 0xd7, 0xc5, 0xbc, 0xb8, 0xb7, 0xd6, 0xbe, 0xab, 0xc3, 0xf7, 0xc7, 0xd2, 
    0xd7, 0xd4, 0xbc, 0xba, 0xc9, 0xd0, 0xce, 0xde, 0xd7, 0xd3, 0xc5, 0xae, 0xb5, 0xc4, 0xc8, 0xfd, 
    0xca, 0xe5, 0xa3, 0xac, 0xd7, 0xd4, 0xc8, 0xbb, 0xcf, 0xeb, 0xb5, 0xbd, 0xc1, 0xcb, 0xca, 0xca, 
    0xc1, 0xe4, 0xb5, 0xc4, 0xba, 0xab, 0xc1, 0xa2, 0xa1, 0xa3, 0x0a, 0xa1, 0xa1, 0xa1, 0xa1, 0xd2, 
    0xbb, 0xcf, 0xf2, 0xc0, 0xcf, 0xca, 0xb5, 0xb0, 0xcd, 0xbd, 0xbb, 0xb5, 0xc4, 0xba, 0xab, 0xb8, 
    0xb8, 0xa3, 0xac, 0xcc, 0xfd, 0xb5, 0xbd, 0xa1, 0xb0, 0xbd, 0xad, 0xba, 0xfe, 0xa1, 0xb1, 0xa1, 
    0xb0, 0xc3, 0xc5, 0xc5, 0xc9, 0xa1, 0xb1, 0xd6, 0xae, 0xc0, 0xe0, 0xb4, 0xd3, 0xce, 0xb4, 0xcc, 
    0xfd, 0xce, 0xc5, 0xb9, 0xfd, 0xb5, 0xc4, 0xbb, 0xb0, 0xa3, 0xac, 0xd0, 0xc4, 0xc0, 0xef, 0xd3, 
    0xd0, 0xd0, 0xa9, 0xd3, 0xcc, 0xd4, 0xa5, 0xb2, 0xbb, 0xbe, 0xf6, 0xc4, 0xc3, 0xb2, 0xbb, 0xb6, 
    0xa8, 0xd6, 0xf7, 0xd2, 0xe2, 0xa3, 0xac, 0xb1, 0xe3, 0xd2, 0xbb, 0xb0, 0xd1, 0xc4, 0xc3, 0xc6, 
    0xf0, 0xba, 0xb5, 0xd1, 0xcc, 0xb8, 0xcb, 0xa3, 0xac, 0xa1, 0xb0, 0xb0, 0xc9, 0xe0, 0xaa, 0xa1, 
    0xb1, 0xa1, 0xb0, 0xb0, 0xc9, 0xe0, 0xaa, 0xa1, 0xb1, 0xb5, 0xc4, 0xba, 0xdd, 0xba, 0xdd, 0xb3, 
    0xe9, 0xc1, 0xcb, 0xbc, 0xb8, 0xbf, 0xda, 0xa3, 0xac, 0xbe, 0xcd, 0xd7, 0xf8, 0xd4, 0xda, 0xc4, 
    0xc7, 0xc0, 0xef, 0xa3, 0xac, 0xd2, 0xbb, 0xc9, 0xf9, 0xb2, 0xbb, 0xbf, 0xd4, 0xa1, 0xa3, 0x0a, 
    0xa1, 0xa1, 0xa1, 0xa1, 0xd4, 0xda, 0xc8, 0xfd, 0xca, 0xe5, 0xd7, 0xec, 0xc0, 0xef, 0xa3, 0xac, 
    0xa1, 0xb0, 0xc6, 0xdf, 0xd0, 0xfe, 0xc3, 0xc5, 0xa1, 0xb1, 0xd7, 0xd4, 0xc8, 0xbb, 0xca, 0xc7, 
    0xd5, 0xe2, 0xb7, 0xbd, 0xd4, 0xb2, 0xca, 0xfd, 0xb0, 0xd9, 0xc0, 0xef, 0xc4, 0xda, 0xa3, 0xac, 
    0xc1, 0xcb, 0xb2, 0xbb, 0xc6, 0xf0, 0xb5, 0xc4, 0xa1, 0xa2, 0xca, 0xfd, 0xd2, 0xbb, 0xca, 0xfd, 
    0xb6, 0xfe, 0xb5, 0xc4, 0xb4, 0xf3, 0xc3, 0xc5, 0xc5, 0xc9, 0xa1, 0xa3, 0x0a, 0xa1, 0xa1, 0xa1, 
    0xa1, 0xd6, 0xbb, 0xd2, 0xaa, 0xb3, 0xc9, 0xce, 0xaa, 0xc4, 0xda, 0xc3, 0xc5, 0xb5, 0xdc, 0xd7, 
    0xd3, 0xa3, 0xac, 0xb2, 0xbb, 0xb5, 0xab, 0xd2, 0xd4, 0xba, 0xf3, 0xbf, 0xc9, 0xd2, 0xd4, 0xc3, 
    0xe2, 0xb7, 0xd1, 0xcf, 0xb0, 0xce, 0xe4, 0xb3, 0xd4, 0xba, 0xc8, 0xb2, 0xbb, 0xb3, 0xee, 0xa3, 
    0xac, 0xc3, 0xbf, 0xd4, 0xc2, 0xbb, 0xb9, 0xc4, 0xdc, 0xd3, 0xd0, 0xd2, 0xbb, 0xc1, 0xbd, 0xb6, 
    0xe0, 0xc9, 0xa2, 0xd2, 0xf8, 0xb5, 0xc4, 0xc1, 0xe3, 0xbb, 0xa8, 0xc7, 0xae, 0xa1, 0xa3, 0xb6, 
    0xf8, 0xc7, 0xd2, 0xb2, 0xce, 0xbc, 0xd3, 0xbf, 0xbc, 0xd1, 0xe9, 0xb5, 0xc4, 0xc8, 0xcb, 0xa3, 
    0xac, 0xbc, 0xb4, 0xca, 0xb9, 0xce, 0xb4, 0xc4, 0xdc, 0xc8, 0xeb, 0xd1, 0xa1, 0xd2, 0xb2, 0xd3, 
    0xd0, 0xbb, 0xfa, 0xbb, 0xe1, 0xb3, 0xc9, 0xce, 0xaa, 0xcf, 0xf1, 0xc8, 0xfd, 0xca, 0xe5, 0xd2, 
    0xbb, 0xd1, 0xf9, 0xb5, 0xc4, 0xcd, 0xe2, 0xc3, 0xc5, 0xc8, 0xcb, 0xd4, 0xb1, 0xa3, 0xac, 0xd7, 
    0xa8, 0xc3, 0xc5, 0xcc, 0xe6, 0xa1, 0xb0, 0xc6, 0xdf, 0xd0, 0xfe, 0xc3, 0xc5, 0xa1, 0xb1, 0xb4, 
    0xf2, 0xc0, 0xed, 0xc3, 0xc5, 0xcd, 0xe2, 0xb5, 0xc4, 0xc9, 0xfa, 0xd2, 0xe2, 0xa1, 0xa3, 0x0a, 
    0xa1, 0xa1, 0xa1, 0xa1, 0xb5, 0xb1, 0xcc, 0xfd, 0xb5, 0xbd, 0xd3, 0xd0, 0xbf, 0xc9, 0xc4, 0xdc, 
    0xc3, 0xbf, 0xd4, 0xc2, 0xd3, 0xd0, 0xd2, 0xbb, 0xc1, 0xbd, 0xd2, 0xf8, 0xd7, 0xd3, 0xbf, 0xc9, 
    0xc4, 0xc3, 0xa3, 0xac, 0xbb, 0xb9, 0xd3, 0xd0, 0xbb, 0xfa, 0xbb, 0xe1, 0xb3, 0xc9, 0xce, 0xaa, 
    0xba, 0xcd, 0xc8, 0xfd, 0xca, 0xe5, 0xd2, 0xbb, 0xd1, 0xf9, 0xb5, 0xc4, 0xcc, 0xe5, 0xc3, 0xe6, 
    0xc8, 0xcb, 0xa3, 0xac, 0xba, 0xab, 0xb8, 0xb8, 0xd6, 0xd5, 0xd3, 0xda, 0xc4, 0xc3, 0xb6, 0xa8, 
    0xc1, 0xcb, 0xd6, 0xf7, 0xd2, 0xe2, 0xa3, 0xac, 0xb4, 0xf0, 0xd3, 0xa6, 0xc1, 0xcb, 0xcf, 0xc2, 
    0xc0, 0xb4, 0xa1, 0xa3, 0x0a, 0xa1, 0xa1, 0xa1, 0xa1, 0xc8, 0xfd, 0xca, 0xe5, 0xbc, 0xfb, 0xb5, 
    0xbd, 0xba, 0xab, 0xb8, 0xb8, 0xd3, 0xa6, 0xb3, 0xd0, 0xc1, 0xcb, 0xcf, 0xc2, 0xc0, 0xb4, 0xa3, 
    0xac, 0xd0, 0xc4, 0xc0, 0xef, 0xba, 0xdc, 0xca, 0xc7, 0xb8, 0xdf, 0xd0, 0xcb, 0xa1, 0xa3, 0xd3, 
    0xd6, 0xc1, 0xf4, 0xcf, 0xc2, 0xbc, 0xb8, 0xc1, 0xbd, 0xd2, 0xf8, 0xd7, 0xd3, 0xa3, 0xac, 0xcb, 
    0xb5, 0xd2, 0xbb, 0xb8, 0xf6, 0xd4, 0xc2, 0xba, 0xf3, 0xbe, 0xcd, 0xc0, 0xb4, 0xb4, 0xf8, 0xba, 
    0xab, 0xc1, 0xa2, 0xd7, 0xdf, 0xa3, 0xac, 0xd4, 0xda, 0xd5, 0xe2, 0xc6, 0xda, 0xbc, 0xe4, 0xb8, 
    0xf8, 0xba, 0xab, 0xc1, 0xa2, 0xb6, 0xe0, 0xd7, 0xf6, 0xb5, 0xe3, 0xba, 0xc3, 0xb3, 0xd4, 0xb5, 
    0xc4, 0xa3, 0xac, 0xb8, 0xf8, 0xcb, 0xfb, 0xb2, 0xb9, 0xb2, 0xb9, 0xc9, 0xed, 0xd7, 0xd3, 0xa3, 
    0xac, 0xba, 0xc3, 0xd3, 0xa6, 0xb8, 0xb6, 0xbf, 0xbc, 0xd1, 0xe9, 0xa1, 0xa3, 0xcb, 0xe6, 0xba, 
    0xf3, 0xc8, 0xfd, 0xca, 0xe5, 0xba, 0xcd, 0xba, 0xab, 0xb8, 0xb8, 0xb4, 0xf2, 0xc9, 0xf9, 0xd5, 
    0xd0, 0xba, 0xf4, 0xa3, 0xac, 0xc3, 0xfe, 0xc1, 0xcb, 0xc3, 0xfe, 0xba, 0xab, 0xc1, 0xa2, 0xb5, 
    0xc4, 0xcd, 0xb7, 0xa3, 0xac, 0xb3, 0xf6, 0xc3, 0xc5, 0xbb, 0xd8, 0xb3, 0xc7, 0xc1, 0xcb, 0xa1, 
    0xa3, 0x0a, 0xa1, 0xa1, 0xa1, 0xa1, 0xba, 0xab, 0xc1, 0xa2, 0xcb, 0xe4, 0xc8, 0xbb, 0xb2, 0xbb, 
    0xc8, 0xab, 0xc3, 0xf7, 0xb0, 0xd7, 0xc8, 0xfd, 0xca, 0xe5, 0xcb, 0xf9, 0xcb, 0xb5, 0xb5, 0xc4, 
    0xbb, 0xb0, 0xa3, 0xac, 0xb5, 0xab, 0xbf, 0xc9, 0xd2, 0xd4, 0xbd, 0xf8, 0xb3, 0xc7, 0xd5, 0xf5, 
    0xb4, 0xf3, 0xc7, 0xae, 0xbb, 0xb9, 0xca, 0xc7, 0xc3, 0xf7, 0xb0, 0xd7, 0xb5, 0xc4, 0xa1, 0xa3, 
    0x0a, 0xa1, 0xa1, 0xa1, 0xa1, 0xd2, 0xbb, 0xd6, 0xb1, 0xd2, 0xd4, 0xc0, 0xb4, 0xb5, 0xc4, 0xd4, 
    0xb8, 0xcd, 0xfb, 0xa3, 0xac, 0xd1, 0xdb, 0xbf, 0xb4, 0xbe, 0xcd, 0xd3, 0xd0, 0xbf, 0xc9, 0xc4, 
    0xdc, 0xca, 0xb5, 0xcf, 0xd6, 0xa3, 0xac, 0xcb, 0xfb, 0xd2, 0xbb, 0xc1, 0xac, 0xba, 0xc3, 0xbc, 
    0xb8, 0xb8, 0xf6, 0xcd, 0xed, 0xc9, 0xcf, 0xd0, 0xcb, 0xb7, 0xdc, 0xb5, 0xc3, 0xcb, 0xaf, 0xb2, 
    0xbb, 0xd7, 0xc5, 0xbe, 0xf5, 0xa1, 0xa3, 0x0a, 0xa1, 0xa1, 0xa1, 0xa1, 0xc8, 0xfd, 0xca, 0xe5, 
    0xd4, 0xda, 0xd2, 0xbb, 0xb8, 0xf6, 0xb6, 0xe0, 0xd4, 0xc2, 0xba, 0xf3, 0xa3, 0xac, 0xd7, 0xbc, 
    0xca, 0xb1, 0xb5, 0xc4, 0xc0, 0xb4, 0xb5, 0xbd, 0xb4, 0xe5, 0xd6, 0xd0, 0xa3, 0xac, 0xd2, 0xaa, 
    0xb4, 0xf8, 0xba, 0xab, 0xc1, 0xa2, 0xd7, 0xdf, 0xc1, 0xcb, 0xa1, 0xa3, 0xc1, 0xd9, 0xd7, 0xdf, 
    0xc7, 0xb0, 0xba, 0xab, 0xb8, 0xb8, 0xb7, 0xb4, 0xb8, 0xb4, 0xd6, 0xf6, 0xb8, 0xc0, 0xba, 0xab, 
    0xc1, 0xa2, 0xa3, 0xac, 0xd7, 0xf6, 0xc8, 0xcb, 0xd2, 0xaa, 0xc0, 0xcf, 0xca, 0xb5, 0xa3, 0xac, 
    0xd3, 0xf6, 0xca, 0xc2, 0xd2, 0xaa, 0xc8, 0xcc, 0xc8, 0xc3, 0xa3, 0xac, 0xb1, 0xf0, 0xba, 0xcd, 
    0xc6, 0xe4, 0xcb, 0xfb, 0xc8, 0xcb, 0xc6, 0xf0, 0xd5, 0xf9, 0xd6, 0xb4, 0xa3, 0xac, 0xb6, 0xf8, 
    0xba, 0xab, 0xc4, 0xb8, 0xd4, 0xf2, 0xd2, 0xaa, 0xcb, 0xfb, 0xb6, 0xe0, 0xd7, 0xa2, 0xd2, 0xe2, 
    0xc9, 0xed, 0xcc, 0xe5, 0xa3, 0xac, 0xd2, 0xaa, 0xb3, 0xd4, 0xba, 0xc3, 0xcb, 0xaf, 0xba, 0xc3, 
    0xa1, 0xa3, 0x0a, 0xa1, 0xa1, 0xa1, 0xa1, 0xd4, 0xda, 0xc2, 0xed, 0xb3, 0xb5, 0xc9, 0xcf, 0xa3, 
    0xac, 0xbf, 0xb4, 0xd7, 0xc5, 0xb8, 0xb8, 0xc4, 0xb8, 0xbd, 0xa5, 0xbd, 0xa5, 0xd4, 0xb6, 0xc8, 
    0xa5, 0xb5, 0xc4, 0xc9, 0xed, 0xd3, 0xb0, 0xa3, 0xac, 0xba, 0xab, 0xc1, 0xa2, 0xd2, 0xa7, 0xbd, 
    0xf4, 0xc1, 0xcb, 0xd7, 0xec, 0xb4, 0xbd, 0xa3, 0xac, 0xc7, 0xbf, 0xc8, 0xcc, 0xd7, 0xc5, 0xb2, 
    0xbb, 0xc8, 0xc3, 0xd7, 0xd4, 0xbc, 0xba, 0xd1, 0xdb, 0xbf, 0xf4, 0xd6, 0xd0, 0xb5, 0xc4, 0xc0, 
    0xe1, 0xd6, 0xe9, 0xc1, 0xf7, 0xb3, 0xf6, 0xc0, 0xb4, 0xa1, 0xa3, 0x0a, 0xa1, 0xa1, 0xa1, 0xa1, 
    0xcb, 0xfb, 0xcb, 0xe4, 0xc8, 0xbb, 0xb4, 0xd3, 0xd0, 0xa1, 0xbe, 0xcd, 0xb1, 0xc8, 0xc6, 0xe4, 
    0xcb, 0xfb, 0xba, 0xa2, 0xd7, 0xd3, 0xb3, 0xc9, 0xca, 0xec, 0xb5, 0xc3, 0xb6, 0xe0, 0xa3, 0xac, 
    0xb5, 0xab, 0xb1, 0xcf, 0xbe, 0xb9, 0xbb, 0xb9, 0xca, 0xc7, 0xb8, 0xf6, 0xca, 0xae, 0xcb, 0xea, 
    0xb5, 0xc4, 0xd0, 0xa1, 0xba, 0xa2, 0xa3, 0xac, 0xb5, 0xda, 0xd2, 0xbb, 0xb4, 0xce, 0xb3, 0xf6, 
    0xd4, 0xb6, 0xc3, 0xc5, 0xc8, 0xc3, 0xcb, 0xfb, 0xb5, 0xc4, 0xd0, 0xc4, 0xc0, 0xef, 0xd3, 0xd0, 
    0xb5, 0xe3, 0xc9, 0xcb, 0xb8, 0xd0, 0xba, 0xcd, 0xe1, 0xdd, 0xe1, 0xe5, 0xa1, 0xa3, 0xcb, 0xfb, 
    0xc4, 0xea, 0xd3, 0xd7, 0xb5, 0xc4, 0xd0, 0xc4, 0xc0, 0xef, 0xb0, 0xb5, 0xb0, 0xb5, 0xcf, 0xc2, 
    0xb6, 0xa8, 0xc1, 0xcb, 0xbe, 0xf6, 0xd0, 0xc4, 0xa3, 0xac, 0xb5, 0xc8, 0xd5, 0xf5, 0xb5, 0xbd, 
    0xc1, 0xcb, 0xb4, 0xf3, 0xc7, 0xae, 0xbe, 0xcd, 0xc2, 0xed, 0xc9, 0xcf, 0xb8, 0xcf, 0xbb, 0xd8, 
    0xc0, 0xb4, 0xa3, 0xac, 0xba, 0xcd, 0xb8, 0xb8, 0xc4, 0xb8, 0xd4, 0xd9, 0xd2, 0xb2, 0xb2, 0xbb, 
    0xb7, 0xd6, 0xbf, 0xaa, 0xa1, 0xa3, 0x0a, 0xa1, 0xa1, 0xa1, 0xa1, 0xba, 0xab, 0xc1, 0xa2, 0xb4, 
    0xd3, 0xce, 0xb4, 0xcf, 0xeb, 0xb5, 0xbd, 0xa3, 0xac, 0xb4, 0xcb, 0xb4, 0xce, 0xb3, 0xf6, 0xc8, 
    0xa5, 0xba, 0xf3, 0xc7, 0xae, 0xb2, 0xc6, 0xb5, 0xc4, 0xb6, 0xe0, 0xc9, 0xd9, 0xb6, 0xd4, 0xcb, 
    0xfb, 0xd2, 0xd1, 0xca, 0xa7, 0xc8, 0xa5, 0xc1, 0xcb, 0xd2, 0xe2, 0xd2, 0xe5, 0xa3, 0xac, 0xcb, 
    0xfb, 0xbe, 0xb9, 0xc8, 0xbb, 0xd7, 0xdf, 0xc9, 0xcf, 0xc1, 0xcb, 0xd2, 0xbb, 0xcc, 0xf5, 0xd3, 
    0xeb, 0xb7, 0xb2, 0xc8, 0xcb, 0xb2, 0xbb, 0xcd, 0xac, 0xb5, 0xc4, 0xcf, 0xc9, 0xd2, 0xb5, 0xb4, 
    0xf3, 0xb5, 0xc0, 0xa3, 0xac, 0xd7, 0xdf, 0xb3, 0xf6, 0xc1, 0xcb, 0xd7, 0xd4, 0xbc, 0xba, 0xb5, 
    0xc4, 0xd0, 0xde, 0xcf, 0xc9, 0xd6, 0xae, 0xc2, 0xb7, 0xa1, 0xa3, 0x0a, 0x0a, 0x0a, 0xb5, 0xda, 
    0xb6, 0xfe, 0xd5, 0xc2, 0x20, 0xc7, 0xe0, 0xc5, 0xa3, 0xd5, 0xf2, 0x0a, 0xa1, 0xa1, 0xa1, 0xa1, 
    0xd5, 0xe2, 0xca, 0xc7, 0xd2, 0xbb, 0xb8, 0xf6, 0xd0, 0xa1, 0xb3, 0xc7, 0xa3, 0xac, 0xcb, 0xb5, 
    0xca, 0xc7, 0xd0, 0xa1, 0xb3, 0xc7, 0xc6, 0xe4, 0xca, 0xb5, 0xd6, 0xbb, 0xca, 0xc7, 0xd2, 0xbb, 
    0xb8, 0xf6, 0xb4, 0xf3, 0xb5, 0xe3, 0xb5, 0xc4, 0xd5, 0xf2, 0xd7, 0xd3, 0xa3, 0xac, 0xc3, 0xfb, 
    0xd7, 0xd6, 0xd2, 0xb2, 0xbd, 0xd0, 0xc7, 0xe0, 0xc5, 0xa3, 0xd5, 0xf2, 0xa3, 0xac, 0xd6, 0xbb, 
    0xd3, 0xd0, 0xc4, 0xc7, 0xd0, 0xa9, 0xd7, 0xa1, 0xd4, 0xda, 0xb8, 0xbd, 0xbd, 0xfc, 0xc9, 0xbd, 
    0xb9, 0xb5, 0xc0, 0xef, 0xa1, 0xa2, 0xc3, 0xbb, 0xc9, 0xb6, 0xbc, 0xfb, 0xca, 0xb6, 0xb5, 0xc4, 
    0xcd, 0xc1, 0xc8, 0xcb, 0xa3, 0xac, 0xb2, 0xc5, 0xa1, 0xb0, 0xc7, 0xe0, 0xc5, 0xa3, 0xb3, 0xc7, 
    0xa1, 0xb1, 0xa1, 0xb0, 0xc7, 0xe0, 0xc5, 0xa3, 0xb3, 0xc7, 0xa1, 0xb1, 0xb5, 0xc4, 0xbd, 0xd0, 
    0xb8, 0xf6, 0xb2, 0xbb, 0xcd, 0xa3, 0xa1, 0xa3, 0xd5, 0xe2, 0xca, 0xc7, 0xb8, 0xc9, 0xc1, 0xcb, 
    0xca, 0xae, 0xbc, 0xb8, 0xc4, 0xea, 0xc3, 0xc5, 0xb6, 0xa1, 0xb5, 0xc4, 0xd5, 0xc5, 0xb6, 0xfe, 
    0xd0, 0xc4, 0xc0, 0xef, 0xbb, 0xb0, 0xa1, 0xa3, 0x0a, 0xa1, 0xa1, 0xa1, 0xa1, 0xc7, 0xe0, 0xc5, 
    0xa3, 0xd5, 0xf2, 0xb5, 0xc4, 0xc8, 0xb7, 0xb2, 0xbb, 0xb4, 0xf3, 0xa3, 0xac, 0xd6, 0xf7, 0xbd, 
    0xd6, 0xb5, 0xc0, 0xd6, 0xbb, 0xd3, 0xd0, 0xd2, 0xbb, 0xcc, 0xf5, 0xb6, 0xab, 0xce, 0xf7, 0xb7, 
    0xbd, 0xcf, 0xf2, 0xb5, 0xc4, 0xc7, 0xe0, 0xc5, 0xa3, 0xbd, 0xd6, 0xa3, 0xac, 0xc1, 0xac, 0xbf, 
    0xcd, 0xd5, 0xbb, 0xd2, 0xb2, 0xd6, 0xbb, 0xd3, 0xd0, 0xd2, 0xbb, 0xbc, 0xd2, 0xc7, 0xe0, 0xc5, 
    0xa3, 0xbf, 0xcd, 0xd5, 0xbb, 0xa3, 0xac, 0xbf, 0xcd, 0xd5, 0xbb, 0xd7, 0xf8, 0xc2, 0xe4, 0xd4, 
    0xda, 0xb3, 0xa4, 0xcc, 0xf5, 0xd0, 0xce, 0xd7, 0xb4, 0xb5, 0xc4, 0xd5, 0xf2, 0xd7, 0xd3, 0xce, 
    0xf7, 0xb6, 0xcb, 0xa3, 0xac, 0xcb, 0xf9, 0xd2, 0xd4, 0xb9, 0xfd, 0xcd, 0xf9, 0xb5, 0xc4, 0xc9, 
    0xcc, 0xbf, 0xcd, 0xb2, 0xbb, 0xcf, 0xeb, 0xc2, 0xb6, 0xcb, 0xde, 0xd2, 0xb0, 0xcd, 0xe2, 0xb5, 
    0xc4, 0xbb, 0xb0, 0xa3, 0xac, 0xd2, 0xb2, 0xd6, 0xbb, 0xc4, 0xdc, 0xd7, 0xa1, 0xd4, 0xda, 0xd5, 
    0xe2, 0xc0, 0xef, 0xa1, 0xa3, 0x0a, 0xa1, 0xa1, 0xa1, 0xa1, 0xcf, 0xd6, 0xd4, 0xda, 0xd3, 0xd0, 
    0xd2, 0xbb, 0xc1, 0xbe, 0xd2, 0xbb, 0xbf, 0xb4, 0xbe, 0xcd, 0xca, 0xc7, 0xb8, 0xcf, 0xc1, 0xcb, 
    0xb2, 0xbb, 0xc9, 0xd9, 0xc2, 0xb7, 0xb5, 0xc4, 0xc2, 0xed, 0xb3, 0xb5, 0xa3, 0xac, 0xb4, 0xd3, 
    0xce, 0xf7, 0xb1, 0xdf, 0xca, 0xbb, 0xc8, 0xeb, 0xc7, 0xe0, 0xc5, 0xa3, 0xd5, 0xf2, 0xa3, 0xac, 
    0xb7, 0xc9, 0xbf, 0xec, 0xb5, 0xc4, 0xca, 0xbb, 0xb9, 0xfd, 0xc7, 0xe0, 0xc5, 0xa3, 0xbf, 0xcd, 
    0xd5, 0xbb, 0xb5, 0xc4, 0xb4, 0xf3, 0xc3, 0xc5, 0xc7, 0xb0, 0xa3, 0xac, 0xcd, 0xa3, 0xb6, 0xbc, 
    0xb2, 0xbb, 0xcd, 0xa3, 0xa3, 0xac, 0xd2, 0xbb, 0xd6, 0xb1, 0xb7, 0xc9, 0xb3, 0xdb, 0xb5, 0xbd, 
    0xd5, 0xf2, 0xd7, 0xd3, 0xb5, 0xc4, 0xc1, 0xed, 0xd2, 0xbb, 0xb6, 0xcb, 0xa3, 0xac, 0xb4, 0xba, 
    0xcf, 0xe3, 0xbe, 0xc6, 0xc2, 0xa5, 0xb5, 0xc4, 0xc3, 0xc5, 0xbf, 0xda, 0xc7, 0xb0, 0xa3, 0xac, 
    0xb2, 0xc5, 0xcd, 0xa3, 0xc1, 0xcb, 0xcf, 0xc2, 0xc0, 0xb4, 0xa1, 0xa3, 0x0a, 0xa1, 0xa1, 0xa1, 
    0xa1, 0xb4, 0xba, 0xcf, 0xe3, 0xbe, 0xc6, 0xc2, 0xa5, 0xb2, 0xbb, 0xcb, 0xe3, 0xb4, 0xf3, 0xa3, 
    0xac, 0xc9, 0xf5, 0xd6, 0xc1, 0xbb, 0xb9, 0xd3, 0xd0, 0xd0, 0xa9, 0xb3, 0xc2, 0xbe, 0xc9, 0xa3, 
    0xac, 0xb5, 0xab, 0xc8, 0xb4, 0xd3, 0xd0, 0xd2, 0xbb, 0xd6, 0xd6, 0xb9, 0xc5, 0xc9, 0xab, 0xb9, 
    0xc5, 0xcf, 0xe3, 0xb5, 0xc4, 0xd4, 0xcf, 0xce, 0xb6, 0xa1, 0xa3, 0xd2, 0xf2, 0xce, 0xaa, 0xcf, 
    0xd6, 0xd4, 0xda, 0xd5, 0xfd, 0xca, 0xc7, 0xce, 0xe7, 0xb7, 0xb9, 0xca, 0xb1, 0xb7, 0xd6, 0xa3, 
    0xac, 0xbe, 0xc6, 0xc2, 0xa5, 0xc0, 0xef, 0xd3, 0xc3, 0xb7, 0xb9, 0xb5, 0xc4, 0xbf, 0xcd, 0xc8, 
    0xcb, 0xbb, 0xb9, 0xba, 0xdc, 0xb6, 0xe0, 0xa3, 0xac, 0xbc, 0xb8, 0xba, 0xf5, 0xb3, 0xc6, 0xb5, 
    0xc3, 0xc9, 0xcf, 0xca, 0xc7, 0xd7, 0xf9, 0xce, 0xde, 0xd0, 0xe9, 0xcf, 0xaf, 0xa1, 0xa3, 0x0a, 
    0xa1, 0xa1, 0xa1, 0xa1, 0xb4, 0xd3, 0xb3, 0xb5, 0xc9, 0xcf, 0xcf, 0xc2, 0xc0, 0xb4, 0xd2, 0xbb, 
    0xb8, 0xf6, 0xd4, 0xb2, 0xc1, 0xb3, 0xb4, 0xf8, 0xd7, 0xc5, 0xd0, 0xa1, 0xba, 0xfa, 0xd7, 0xd3, 
    0xb5, 0xc4, 0xc5, 0xd6, 0xc4, 0xd0, 0xd7, 0xd3, 0xba, 0xcd, 0xd2, 0xbb, 0xb8, 0xf6, 0xc6, 0xa4, 
    0xb7, 0xf4, 0xf7, 0xee, 0xba, 0xda, 0xb5, 0xc4, 0xa1, 0xa2, 0xca, 0xae, 0xc0, 0xb4, 0xcb, 0xea, 
    0xb5, 0xc4, 0xd0, 0xa1, 0xba, 0xa2, 0xa3, 0xac, 0xc4, 0xd0, 0xd7, 0xd3, 0xb4, 0xf8, 0xd7, 0xc5, 
    0xba, 0xa2, 0xcd, 0xaf, 0xd6, 0xb1, 0xbd, 0xd3, 0xbe, 0xcd, 0xb4, 0xf3, 0xd2, 0xa1, 0xb4, 0xf3, 
    0xb0, 0xda, 0xb5, 0xd8, 0xbd, 0xf8, 0xc1, 0xcb, 0xbe, 0xc6, 0xc2, 0xa5, 0xa1, 0xa3, 0xd3, 0xd0, 
    0xbe, 0xc6, 0xc2, 0xa5, 0xc0, 0xef, 0xb5, 0xc4, 0xca, 0xec, 0xbf, 0xcd, 0xc8, 0xcf, 0xb5, 0xc3, 
    0xc5, 0xd6, 0xd7, 0xd3, 0xa3, 0xac, 0xd6, 0xaa, 0xb5, 0xc0, 0xcb, 0xfb, 0xca, 0xc7, 0xd5, 0xe2, 
    0xb8, 0xf6, 0xbe, 0xc6, 0xc2, 0xa5, 0xb5, 0xc4, 0xd5, 0xc6, 0xb9, 0xf1, 0xa1, 0xb0, 0xba, 0xab, 
    0xc5, 0xd6, 0xd7, 0xd3, 0xa1, 0xb1, 0xa3, 0xac, 0xc4, 0xc7, 0xb8, 0xf6, 0xd0, 0xa1, 0xba, 0xa2, 
    0xca, 0xc7, 0xcb, 0xad, 0xc8, 0xb4, 0xce, 0xde, 0xc8, 0xcb, 0xc8, 0xcf, 0xb5, 0xc3, 0xa1, 0xa3, 
    0x0a, 0xa1, 0xa1, 0xa1, 0xa1, 0xa1, 0xb0, 0xc0, 0xcf, 0xba, 0xab, 0xa3, 0xac, 0xd5, 0xe2, 0xb8, 
    0xf6, 0xba, 0xda, 0xd0, 0xa1, 0xd7, 0xd3, 0xb3, 0xa4, 0xb5, 0xc4, 0xba, 0xcd, 0xc4, 0xe3, 0xba, 
    0xdc, 0xcf, 0xf1, 0xa3, 0xac, 0xb2, 0xbb, 0xbb, 0xe1, 0xca, 0xc7, 0xc4, 0xe3, 0xb1, 0xb3, 0xd7, 
    0xc5, 0xbc, 0xd2, 0xc0, 0xef, 0xc6, 0xc5, 0xc4, 0xef, 0xc9, 0xfa, 0xb5, 0xc4, 0xb6, 0xf9, 0xd7, 
    0xd3, 0xb0, 0xc9, 0xa1, 0xa3, 0xa1, 0xb1, 0xd3, 0xd0, 0xb8, 0xf6, 0xc8, 0xcb, 0xcd, 0xbb, 0xc8, 
    0xbb, 0xb4, 0xf2, 0xc8, 0xa4, 0xb5, 0xc0, 0xa1, 0xa3, 0x0a, 0xa1, 0xa1, 0xa1, 0xa1, 0xd5, 0xe2, 
    0xbe, 0xe4, 0xbb, 0xb0, 0xd2, 0xbb, 0xb3, 0xf6, 0xa3, 0xac, 0xc8, 0xc7, 0xb5, 0xc3, 0xc5, 0xd4, 
    0xb1, 0xdf, 0xb5, 0xc4, 0xd6, 0xda, 0xc8, 0xcb, 0xb9, 0xfe, 0xb9, 0xfe, 0xd2, 0xbb, 0xd5, 0xf3, 
    0xb4, 0xf3, 0xd0, 0xa6, 0xa1, 0xa3, 0x0a, 0xa1, 0xa1, 0xa1, 0xa1, 0xa1, 0xb0, 0xc5, 0xde, 0xa3, 
    0xa1, 0xd5, 0xe2, 0xca, 0xc7, 0xce, 0xd2, 0xb1, 0xbe, 0xbc, 0xd2, 0xb4, 0xf8, 0xc0, 0xb4, 0xb5, 
    0xc4, 0xc7, 0xd7, 0xd6, 0xb6, 0xd7, 0xd3, 0xa3, 0xac, 0xb5, 0xb1, 0xc8, 0xbb, 0xba, 0xcd, 0xce, 
    0xd2, 0xd3, 0xd0, 0xbc, 0xb8, 0xb7, 0xd6, 0xcf, 0xf1, 0xc1, 0xcb, 0xa1, 0xa3, 0xa1, 0xb1, 0xc5, 
    0xd6, 0xd7, 0xd3, 0xb2, 0xbb, 0xb5, 0xab, 0xc3, 0xbb, 0xc9, 0xfa, 0xc6, 0xf8, 0xa3, 0xac, 0xbb, 
    0xb9, 0xd3, 0xd0, 0xbc, 0xb8, 0xb7, 0xd6, 0xb5, 0xc3, 0xd2, 0xe2, 0xa1, 0xa3, 0x0a, 0xa1, 0xa1, 
    0xa1, 0xa1, 0xd5, 0xe2, 0xb6, 0xfe, 0xc8, 0xcb, 0xd5, 0xfd, 0xca, 0xc7, 0xd2, 0xbb, 0xc1, 0xac, 
    0xb8, 0xcf, 0xc1, 0xcb, 0xc8, 0xfd, 0xcc, 0xec, 0xc2, 0xb7, 0xa3, 0xac, 0xb2, 0xc5, 0xb8, 0xd5, 
    0xbd, 0xf8, 0xd5, 0xf2, 0xd7, 0xd3, 0xb5, 0xc4, 0xba, 0xab, 0xc1, 0xa2, 0xba, 0xcd, 0xcb, 0xfb, 
    0xb5, 0xc4, 0xc8, 0xfd, 0xca, 0xe5, 0xa1, 0xaa, 0xa1, 0xaa, 0xb1, 0xf0, 0xc8, 0xcb, 0xbf, 0xda, 
    0xd6, 0xd0, 0xb5, 0xc4, 0xa1, 0xb0, 0xba, 0xab, 0xc5, 0xd6, 0xd7, 0xd3, 0xa1, 0xb1, 0xa1, 0xa3, 
    0x0a, 0xa1, 0xa1, 0xa1, 0xa1, 0xba, 0xab, 0xc5, 0xd6, 0xd7, 0xd3, 0xd5, 0xd0, 0xba, 0xf4, 0xc1, 
    0xcb, 0xbc, 0xb8, 0xce, 0xbb, 0xca, 0xec, 0xbf, 0xcd, 0xd2, 0xbb, 0xc9, 0xf9, 0xa3, 0xac, 0xb1, 
    0xe3, 0xb0, 0xd1, 0xba, 0xab, 0xc1, 0xa2, 0xb4, 0xf8, 0xb5, 0xbd, 0xbe, 0xc6, 0xc2, 0xa5, 0xba, 
    0xf3, 0xc3, 0xe6, 0xa3, 0xac, 0xc0, 0xb4, 0xb5, 0xbd, 0xc1, 0xcb, 0xd2, 0xbb, 0xb8, 0xf6, 0xc6, 
    0xab, 0xc6, 0xa7, 0xd0, 0xa1, 0xd4, 0xba, 0xd7, 0xd3, 0xc0, 0xef, 0xa1, 0xa3, 0x0a, 0xa1, 0xa1, 
    0xa1, 0xa1, 0xa1, 0xb0, 0xd0, 0xa1, 0xc1, 0xa2, 0xa3, 0xac, 0xc4, 0xe3, 0xd4, 0xda, 0xd5, 0xe2, 
    0xce, 0xdd, 0xc0, 0xef, 0xba, 0xc3, 0xba, 0xc3, 0xd0, 0xdd, 0xcf, 0xa2, 0xcf, 0xc2, 0xa3, 0xac, 
    0xd1, 0xf8, 0xba, 0xc3, 0xbe, 0xab, 0xc9, 0xf1, 0xa3, 0xac, 0xb5, 0xc8, 0xc4, 0xda, 0xc3, 0xc5, 
    0xb5, 0xc4, 0xb9, 0xdc, 0xca, 0xc2, 0xd2, 0xbb, 0xc0, 0xb4, 0xa3, 0xac, 0xce, 0xd2, 0xbe, 0xcd, 
    0xbd, 0xd0, 0xc4, 0xe3, 0xb9, 0xfd, 0xc8, 0xa5, 0xa1, 0xa3, 0xce, 0xd2, 0xd2, 0xaa, 0xcf, 0xc8, 
    0xb3, 0xf6, 0xc8, 0xa5, 0xd2, 0xbb, 0xcf, 0xc2, 0xa3, 0xac, 0xd5, 0xd0, 0xba, 0xf4, 0xbc, 0xb8, 
    0xce, 0xbb, 0xca, 0xec, 0xbf, 0xcd, 0xa1, 0xa3, 0xa1, 0xb1, 0xba, 0xab, 0xc5, 0xd6, 0xd7, 0xd3, 
    0xd6, 0xb8, 0xd7, 0xc5, 0xd4, 0xba, 0xc0, 0xef, 0xb5, 0xc4, 0xcf, 0xe1, 0xb7, 0xbf, 0xa3, 0xac, 
    0xba, 0xcd, 0xb0, 0xaa, 0xb5, 0xc4, 0xb6, 0xd4, 0xcb, 0xfb, 0xcb, 0xb5, 0xb5, 0xc0, 0xa1, 0xa3, 
    0x0a, 0xa1, 0xa1, 0xa1, 0xa1, 0xcb, 0xb5, 0xcd, 0xea, 0xa3, 0xac, 0xb1, 0xe3, 0xd7, 0xaa, 0xc9, 
    0xed, 0xb4, 0xd2, 0xc3, 0xa6, 0xb5, 0xd8, 0xcf, 0xf2, 0xcd, 0xe2, 0xd7, 0xdf, 0xc8, 0xa5, 0xa1, 
    0xa3, 0x0a, 0xa1, 0xa1, 0xa1, 0xa1, 0xb5, 0xbd, 0xc3, 0xc5, 0xbf, 0xda, 0xca, 0xb1, 0xa3, 0xac, 
    0xcb, 0xfb, 0xcb, 0xc6, 0xba, 0xf5, 0xd0, 0xc4, 0xc0, 0xef, 0xd3, 0xd6, 0xd3, 0xd0, 0xd0, 0xa9, 
    0xb2, 0xbb, 0xcc, 0xab, 0xb7, 0xc5, 0xd0, 0xc4, 0xa3, 0xac, 0xd3, 0xd6, 0xd6, 0xf6, 0xb8, 0xc0, 
    0xc1, 0xcb, 0xd2, 0xbb, 0xbe, 0xe4, 0xa3, 0xba, 0xa1, 0xb0, 0xb1, 0xf0, 0xc2, 0xd2, 0xc5, 0xdc, 
    0xb0, 0xa1, 0xa3, 0xac, 0xd5, 0xf2, 0xd7, 0xd3, 0xc0, 0xef, 0xc8, 0xcb, 0xcc, 0xab, 0xb6, 0xe0, 
    0xa3, 0xac, 0xb1, 0xf0, 0xd7, 0xdf, 0xb6, 0xaa, 0xc1, 0xcb, 0xa3, 0xac, 0xd7, 0xee, 0xba, 0xc3, 
    0xb1, 0xf0, 0xb3, 0xf6, 0xd4, 0xba, 0xd7, 0xd3, 0xa1, 0xa3, 0xa1, 0xb1, 0x0a, 0xa1, 0xa1, 0xa1, 
    0xa1, 0xa1, 0xb0, 0xe0, 0xc5, 0xa3, 0xa1, 0xa1, 0xb1, 0x0a, 0xa1, 0xa1, 0xa1, 0xa1, 0xbf, 0xb4, 
    0xb5, 0xbd, 0xba, 0xab, 0xc1, 0xa2, 0xc0, 0xcf, 0xca, 0xb5, 0xb5, 0xc4, 0xb4, 0xf0, 0xd3, 0xa6, 
    0xc1, 0xcb, 0xd2, 0xbb, 0xc9, 0xf9, 0xa3, 0xac, 0xcb, 0xfb, 0xb2, 0xc5, 0xd5, 0xe6, 0xd5, 0xfd, 
    0xb7, 0xc5, 0xd0, 0xc4, 0xb5, 0xc4, 0xd7, 0xdf, 0xc1, 0xcb, 0xb3, 0xf6, 0xc8, 0xa5, 0xa1, 0xa3, 
    0x0a, 0xa1, 0xa1, 0xa1, 0xa1, 0xba, 0xab, 0xc1, 0xa2, 0xbc, 0xfb, 0xb5, 0xbd, 0xc8, 0xfd, 0xca, 
    0xe5, 0xd7, 0xdf, 0xb3, 0xf6, 0xc1, 0xcb, 0xce, 0xdd, 0xd7, 0xd3, 0xa3, 0xac, 0xb8, 0xd0, 0xb5, 
    0xbd, 0xba, 0xdc, 0xc0, 0xdb, 0xa3, 0xac, 0xb1, 0xe3, 0xd2, 0xbb, 0xcd, 0xb7, 0xb5, 0xb9, 0xd4, 
    0xda, 0xb4, 0xb2, 0xc9, 0xcf, 0xba, 0xf4, 0xba, 0xf4, 0xb5, 0xc4, 0xcb, 0xaf, 0xc1, 0xcb, 0xc6, 
    0xf0, 0xc0, 0xb4, 0xa3, 0xac, 0xbe, 0xb9, 0xc8, 0xbb, 0xc3, 0xbb, 0xd3, 0xd0, 0xd2, 0xbb, 0xb5, 
    0xe3, 0xd0, 0xa1, 0xba, 0xa2, 0xd7, 0xd3, 0xc5, 0xc2, 0xc9, 0xfa, 0xb5, 0xc4, 0xb8, 0xd0, 0xbe, 
    0xf5, 0xa1, 0xa3, 0x0a, 0xa1, 0xa1, 0xa1, 0xa1, 0xb5, 0xbd, 0xcd, 0xed, 0xc9, 0xcf, 0xa3, 0xac, 
    0xd3, 0xd0, 0xb8, 0xf6, 0xd0, 0xa1, 0xd8, 0xcb, 0xcb, 0xcd, 0xc0, 0xb4, 0xc1, 0xcb, 0xb7, 0xb9, 
    0xb2, 0xcb, 0xa3, 0xac, 0xcb, 0xe4, 0xc8, 0xbb, 0xb2, 0xbb, 0xca, 0xc7, 0xb4, 0xf3, 0xd3, 0xe3, 
    0xb4, 0xf3, 0xc8, 0xe2, 0xa3, 0xac, 0xb5, 0xb9, 0xd2, 0xb2, 0xcb, 0xe3, 0xca, 0xc7, 0xbf, 0xc9, 
    0xbf, 0xda, 0xa1, 0xa3, 0xb3, 0xd4, 0xcd, 0xea, 0xba, 0xf3, 0xa3, 0xac, 0xd2, 0xbb, 0xd0, 0xa1, 
    0xd8, 0xcb, 0xd3, 0xd6, 0xd7, 0xdf, 0xc1, 0xcb, 0xbd, 0xf8, 0xc0, 0xb4, 0xa3, 0xac, 0xb0, 0xd1, 
    0xb3, 0xd4, 0xca, 0xa3, 0xb7, 0xb9, 0xcd, 0xeb, 0xb8, 0xf8, 0xb6, 0xcb, 0xc1, 0xcb, 0xb3, 0xf6, 
    0xc8, 0xa5, 0xa3, 0xac, 0xd5, 0xe2, 0xca, 0xb1, 0xc8, 0xfd, 0xca, 0xe5, 0xb2, 0xc5, 0xb2, 0xbb, 
    0xbb, 0xc5, 0xb2, 0xbb, 0xc3, 0xa6, 0xb5, 0xc4, 0xd7, 0xdf, 0xc1, 0xcb, 0xbd, 0xf8, 0xc0, 0xb4, 
    0xa1, 0xa3, 0x0a, 0xa1, 0xa1, 0xa1, 0xa1, 0xa1, 0xb0, 0xd4, 0xf5, 0xc3, 0xb4, 0xd1, 0xf9, 0xa3, 
    0xac, 0xb7, 0xb9, 0xb2, 0xcb, 0xbb, 0xb9, 0xba, 0xcf, 0xc4, 0xe3, 0xce, 0xb8, 0xbf, 0xda, 0xb0, 
    0xc9, 0xa3, 0xac, 0xd3, 0xd0, 0xd0, 0xa9, 0xcf, 0xeb, 0xbc, 0xd2, 0xc1, 0xcb, 0xb0, 0xc9, 0xa3, 
    0xbf, 0xa1, 0xb1, 0x0a, 0xa1, 0xa1, 0xa1, 0xa1, 0xa1, 0xb0, 0xe0, 0xc5, 0xa3, 0xac, 0xd3, 0xd0, 
    0xb5, 0xe3, 0xcf, 0xeb, 0xc1, 0xcb, 0xa1, 0xa3, 0xa1, 0xb1, 0xba, 0xab, 0xc1, 0xa2, 0xcf, 0xd4, 
    0xb5, 0xc3, 0xba, 0xdc, 0xb9, 0xd4, 0xc7, 0xc9, 0xa1, 0xa3, 0x0a, 0xa1, 0xa1, 0xa1, 0xa1, 0xc8, 
    0xfd, 0xca, 0xe5, 0xbf, 0xb4, 0xc6, 0xf0, 0xc0, 0xb4, 0xb6, 0xd4, 0xba, 0xab, 0xc1, 0xa2, 0xb5, 
    0xc4, 0xbb, 0xd8, 0xb4, 0xf0, 0xba, 0xdc, 0xc2, 0xfa, 0xd2, 0xe2, 0xa3, 0xac, 0xbd, 0xf4, 0xbd, 
    0xd3, 0xd7, 0xc5, 0xba, 0xcd, 0xcb, 0xfb, 0xc1, 0xc4, 0xc6, 0xf0, 0xc1, 0xcb, 0xd2, 0xbb, 0xd0, 
    0xa9, 0xbc, 0xd2, 0xb3, 0xa3, 0xbb, 0xb0, 0xa3, 0xac, 0xb4, 0xb5, 0xd0, 0xea, 0xd2, 0xbb, 0xd0, 
    0xa9, 0xd7, 0xd4, 0xbc, 0xba, 0xbe, 0xad, 0xc0, 0xfa, 0xb9, 0xfd, 0xb5, 0xc4, 0xc8, 0xa4, 0xc8, 
    0xcb, 0xc8, 0xa4, 0xca, 0xc2, 0xa1, 0xa3, 0xbd, 0xa5, 0xbd, 0xa5, 0xb5, 0xd8, 0xa3, 0xac, 0xba, 
    0xab, 0xc1, 0xa2, 0xc3, 0xbb, 0xd3, 0xd0, 0xc1, 0xcb, 0xbe, 0xd0, 0xca, 0xf8, 0xb8, 0xd0, 0xa3, 
    0xac, 0xba, 0xcd, 0xcb, 0xfb, 0xd2, 0xb2, 0xbf, 0xaa, 0xca, 0xbc, 0xd3, 0xd0, 0xcb, 0xb5, 0xd3, 
    0xd0, 0xd0, 0xa6, 0xc6, 0xf0, 0xc0, 0xb4, 0xa1, 0xa3, 0x0a, 0xa1, 0xa1, 0xa1, 0xa1, 0xbe, 0xcd, 
    0xd5, 0xe2, 0xd1, 0xf9, 0xa3, 0xac, 0xd2, 0xbb, 0xc1, 0xac, 0xb9, 0xfd, 0xc1, 0xcb, 0xc1, 0xbd, 
    0xcc, 0xec, 0xa1, 0xa3, 0x0a, 0xa1, 0xa1, 0xa1, 0xa1, 0xb5, 0xda, 0xc8, 0xfd, 0xcc, 0xec, 0xa3, 
    0xac, 0xb5, 0xb1, 0xba, 0xab, 0xc1, 0xa2, 0xb3, 0xd4, 0xcd, 0xea, 0xcd, 0xed, 0xb7, 0xb9, 0xa3, 
    0xac, 0xd5, 0xfd, 0xb5, 0xc8, 0xc8, 0xfd, 0xca, 0xe5, 0xc0, 0xb4, 0xb8, 0xf8, 0xcb, 0xfb, 0xbd, 
    0xb2, 0xbd, 0xad, 0xba, 0xfe, 0xb9, 0xca, 0xca, 0xc2, 0xca, 0xb1, 0xa3, 0xac, 0xd3, 0xd6, 0xd3, 
    0xd0, 0xd2, 0xbb, 0xc1, 0xbe, 0xc2, 0xed, 0xb3, 0xb5, 0xcd, 0xa3, 0xb5, 0xbd, 0xc1, 0xcb, 0xbe, 
    0xc6, 0xc2, 0xa5, 0xc3, 0xc5, 0xc7, 0xb0, 0xa1, 0xa3, 0x0a, 0xa1, 0xa1, 0xa1, 0xa1, 0xd5, 0xe2, 
    0xc1, 0xbe, 0xc2, 0xed, 0xb3, 0xb5, 0xcd, 0xa8, 0xcc, 0xe5, 0xb1, 0xbb, 0xba, 0xda, 0xc6, 0xe1, 
    0xcb, 0xa2, 0xb5, 0xc4, 0xce, 0xda, 0xba, 0xda, 0xb7, 0xa2, 0xc1, 0xc1, 0xa3, 0xac, 0xbc, 0xdd, 
    0xb3, 0xb5, 0xb5, 0xc4, 0xd2, 0xb2, 0xca, 0xc7, 0xb2, 0xbb, 0xb3, 0xa3, 0xbc, 0xfb, 0xb5, 0xc4, 
    0xb0, 0xd9, 0xc0, 0xef, 0xcc, 0xf4, 0xd2, 0xbb, 0xb5, 0xc4, 0xbb, 0xc6, 0xe6, 0xf4, 0xbf, 0xa5, 
    0xc2, 0xed, 0xa3, 0xac, 0xd7, 0xee, 0xc8, 0xc7, 0xc8, 0xcb, 0xd7, 0xa2, 0xd2, 0xe2, 0xb5, 0xc4, 
    0xca, 0xc7, 0xa3, 0xac, 0xd4, 0xda, 0xc2, 0xed, 0xb3, 0xb5, 0xb1, 0xdf, 0xbf, 0xf2, 0xc9, 0xcf, 
    0xb2, 0xe5, 0xd7, 0xc5, 0xd2, 0xbb, 0xc3, 0xe6, 0xd0, 0xe2, 0xd7, 0xc5, 0xa1, 0xb0, 0xd0, 0xfe, 
    0xa1, 0xb1, 0xd7, 0xd6, 0xb5, 0xc4, 0xd0, 0xa1, 0xc8, 0xfd, 0xbd, 0xc7, 0xba, 0xda, 0xc6, 0xec, 
    0xa3, 0xac, 0xd2, 0xf8, 0xd7, 0xd6, 0xba, 0xec, 0xb1, 0xdf, 0xa3, 0xac, 0xd7, 0xd4, 0xc8, 0xbb, 
    0xb5, 0xc4, 0xcd, 0xb8, 0xd7, 0xc5, 0xd2, 0xbb, 0xb9, 0xc9, 0xcb, 0xb5, 0xb2, 0xbb, 0xb3, 0xf6, 
    0xb5, 0xc4, 0xc9, 0xf1, 0xc3, 0xd8, 0xc9, 0xab, 0xb2, 0xca, 0xa1, 0xa3, 0x0a, 0xa1, 0xa1, 0xa1, 
    0xa1, 0xbf, 0xb4, 0xb5, 0xbd, 0xd5, 0xe2, 0xc3, 0xe6, 0xd0, 0xa1, 0xc6, 0xec, 0xa3, 0xac, 0xb7, 
    0xb2, 0xca, 0xc7, 0xd4, 0xda, 0xd5, 0xe2, 0xb7, 0xbd, 0xd4, 0xb2, 0xca, 0xfd, 0xb0, 0xd9, 0xc0, 
    0xef, 0xd7, 0xdf, 0xb6, 0xaf, 0xb5, 0xc4, 0xbd, 0xad, 0xba, 0xfe, 0xc0, 0xcf, 0xca, 0xd6, 0xb6, 
    0xbc, 0xd6, 0xaa, 0xb5, 0xc0, 0xa3, 0xac, 0xd5, 0xe2, 0xc6, 0xac, 0xb5, 0xd8, 0xb7, 0xbd, 0xc1, 
    0xbd, 0xb4, 0xf3, 0xb0, 0xd4, 0xd6, 0xf7, 0xd6, 0xae, 0xd2, 0xbb, 0xb5, 0xc4, 0xa1, 0xb0, 0xc6, 
    0xdf, 0xd0, 0xfe, 0xc3, 0xc5, 0xa1, 0xb1, 0xa3, 0xac, 0xd3, 0xd0, 0xd6, 0xd8, 0xd2, 0xaa, 0xc8, 
    0xcb, 0xce, 0xef, 0xbc, 0xdd, 0xc1, 0xd9, 0xb1, 0xbe, 0xb5, 0xd8, 0xc1, 0xcb, 0xa1, 0xa3, 0x0a, 
    0xa1, 0xa1, 0xa1, 0xa1, 0xa1, 0xb0, 0xc6, 0xdf, 0xd0, 0xfe, 0xc3, 0xc5, 0xa1, 0xb1, 0xd3, 0xd6, 
    0xbd, 0xd0, 0xa1, 0xb0, 0xc6, 0xdf, 0xbe, 0xf8, 0xc3, 0xc5, 0xa1, 0xb1, 0xa3, 0xac, 0xd3, 0xc9, 
    0xb6, 0xfe, 0xb0, 0xd9, 0xc4, 0xea, 0xc7, 0xb0, 0xba, 0xd5, 0xba, 0xd5, 0xd3, 0xd0, 0xc3, 0xfb, 
    0xb5, 0xc4, 0xa1, 0xb0, 0xc6, 0xdf, 0xbe, 0xf8, 0xc9, 0xcf, 0xc8, 0xcb, 0xa1, 0xb1, 0xcb, 0xf9, 
    0xb4, 0xb4, 0xc1, 0xa2, 0xa3, 0xac, 0xd4, 0xf8, 0xd2, 0xbb, 0xb6, 0xc8, 0xd0, 0xdb, 0xb0, 0xd4, 
    0xbe, 0xb5, 0xd6, 0xdd, 0xca, 0xfd, 0xca, 0xae, 0xd4, 0xd8, 0xa3, 0xac, 0xc9, 0xf5, 0xd6, 0xc1, 
    0xbb, 0xb9, 0xc9, 0xf8, 0xcd, 0xb8, 0xb9, 0xfd, 0xd3, 0xeb, 0xbe, 0xb5, 0xd6, 0xdd, 0xcf, 0xe0, 
    0xbd, 0xfc, 0xb5, 0xc4, 0xca, 0xfd, 0xd6, 0xdd, 0xa3, 0xac, 0xd4, 0xda, 0xd5, 0xfb, 0xb8, 0xf6, 
    0xd4, 0xbd, 0xb9, 0xfa, 0xd2, 0xb2, 0xc9, 0xf9, 0xc3, 0xfb, 0xba, 0xd5, 0xba, 0xd5, 0xb9, 0xfd, 
    0xa1, 0xa3, 0xb5, 0xab, 0xd7, 0xd4, 0xb4, 0xd3, 0xa1, 0xb0, 0xc6, 0xdf, 0xbe, 0xf8, 0xc9, 0xcf, 
    0xc8, 0xcb, 0xa1, 0xb1, 0xb2, 0xa1, 0xb9, 0xca, 0xba, 0xf3, 0xa3, 0xac, 0xa1, 0xb0, 0xc6, 0xdf, 
    0xd0, 0xfe, 0xc3, 0xc5, 0xa1, 0xb1, 0xca, 0xc6, 0xc1, 0xa6, 0xbe, 0xcd, 0xd2, 0xbb, 0xc2, 0xe4, 
    0xc7, 0xa7, 0xd5, 0xc9, 0xa3, 0xac, 0xb1, 0xbb, 0xc6, 0xe4, 0xcb, 0xfb, 0xc3, 0xc5, 0xc5, 0xc9, 
    0xc1, 0xaa, 0xca, 0xd6, 0xbc, 0xb7, 0xb3, 0xf6, 0xc1, 0xcb, 0xbe, 0xb5, 0xd6, 0xdd, 0xca, 0xd7, 
    0xb8, 0xae, 0xbe, 0xb5, 0xd6, 0xdd, 0xb3, 0xc7, 0xa1, 0xa3, 0xb0, 0xd9, 0xc4, 0xea, 0xc7, 0xb0, 
    0xa3, 0xac, 0xd7, 0xda, 0xc3, 0xc5, 0xb1, 0xbb, 0xc6, 0xc8, 0xb0, 0xe1, 0xc7, 0xa8, 0xb5, 0xbd, 
    0xbe, 0xb5, 0xd6, 0xdd, 0xd7, 0xee, 0xc6, 0xab, 0xc6, 0xa7, 0xb5, 0xc4, 0xb5, 0xd8, 0xb7, 0xbd, 
    0xa1, 0xaa, 0xa1, 0xaa, 0xb2, 0xca, 0xcf, 0xbc, 0xc9, 0xbd, 0xa3, 0xac, 0xb4, 0xd3, 0xb4, 0xcb, 
    0xd4, 0xda, 0xc4, 0xc7, 0xc0, 0xef, 0xc9, 0xfa, 0xb8, 0xf9, 0xc2, 0xe4, 0xbb, 0xa7, 0xa3, 0xac, 
    0xc2, 0xe4, 0xce, 0xaa, 0xc8, 0xfd, 0xc1, 0xf7, 0xb5, 0xd8, 0xb7, 0xbd, 0xd0, 0xa1, 0xca, 0xc6, 
    0xc1, 0xa6, 0xa1, 0xa3, 0x0a, 0xa1, 0xa1, 0xa1, 0xa1, 0xd3, 0xd0, 0xbe, 0xe4, 0xbb, 0xb0, 0xcb, 
    0xb5, 0xb5, 0xc3, 0xba, 0xc3, 0xa3, 0xac, 0xca, 0xdd, 0xcb, 0xc0, 0xb5, 0xc4, 0xc2, 0xe6, 0xcd, 
    0xd5, 0xb1, 0xc8, 0xc2, 0xed, 0xb4, 0xf3, 0xa3, 0xac, 0xc6, 0xdf, 0xd0, 0xfe, 0xc3, 0xc5, 0xb1, 
    0xcf, 0xbe, 0xb9, 0xd4, 0xf8, 0xbe, 0xad, 0xca, 0xc7, 0xb8, 0xf6, 0xb4, 0xf3, 0xc3, 0xc5, 0xc5, 
    0xc9, 0xa3, 0xac, 0xd3, 0xb5, 0xd3, 0xd0, 0xb5, 0xc4, 0xc7, 0xb1, 0xc1, 0xa6, 0xbb, 0xb9, 0xca, 
    0xc7, 0xb7, 0xc7, 0xcd, 0xac, 0xd0, 0xa1, 0xbf, 0xc9, 0xb5, 0xc4, 0xa1, 0xa3, 0xc0, 0xb4, 0xb5, 
    0xbd, 0xb2, 0xca, 0xcf, 0xbc, 0xc9, 0xbd, 0xd5, 0xe2, 0xb8, 0xf6, 0xb5, 0xd8, 0xb7, 0xbd, 0xa3, 
    0xac, 0xc1, 0xa2, 0xbf, 0xcc, 0xb1, 0xe3, 0xbf, 0xd8, 0xd6, 0xc6, 0xd7, 0xa1, 0xb0, 0xfc, 0xc0, 
    0xa8, 0xa1, 0xb0, 0xc7, 0xe0, 0xc5, 0xa3, 0xd5, 0xf2, 0xa1, 0xb1, 0xd4, 0xda, 0xc4, 0xda, 0xb5, 
    0xc4, 0xca, 0xae, 0xbc, 0xb8, 0xb8, 0xf6, 0xd0, 0xa1, 0xb3, 0xc7, 0xd5, 0xf2, 0xa3, 0xac, 0xd3, 
    0xb5, 0xd3, 0xd0, 0xc3, 0xc5, 0xcf, 0xc2, 0xb5, 0xdc, 0xd7, 0xd3, 0xc8, 0xfd, 0xcb, 0xc4, 0xc7, 
    0xa7, 0xc8, 0xcb, 0xa3, 0xac, 0xca, 0xc7, 0xb1, 0xbe, 0xb5, 0xd8, 0xc3, 0xfb, 0xb8, 0xb1, 0xc6, 
    0xe4, 0xca, 0xb5, 0xb5, 0xc4, 0xc1, 0xbd, 0xb4, 0xf3, 0xb0, 0xd4, 0xd6, 0xf7, 0xd6, 0xae, 0xd2, 
    0xbb, 0xa1, 0xa3, 0x0a, 0xa1, 0xa1, 0xa1, 0xa1, 0xb1, 0xbe, 0xb5, 0xd8, 0xce, 0xa8, 0xd2, 0xbb, 
    0xc4, 0xdc, 0xba, 0xcd, 0xc6, 0xdf, 0xd0, 0xfe, 0xc3, 0xc5, 0xbf, 0xb9, 0xba, 0xe2, 0xb5, 0xc4, 
    0xc1, 0xed, 0xd2, 0xbb, 0xb9, 0xc9, 0xca, 0xc6, 0xc1, 0xa6, 0xca, 0xc7, 0xa1, 0xb0, 0xd2, 0xb0, 
    0xc0, 0xc7, 0xb0, 0xef, 0xa1, 0xb1, 0xa1, 0xa3, 0x0a, 0xa1, 0xa1, 0xa1, 0xa1, 0xd2, 0xb0, 0xc0, 
    0xc7, 0xb0, 0xef, 0xc7, 0xb0, 0xc9, 0xed, 0xca, 0xc7, 0xbe, 0xb5, 0xd6, 0xdd, 0xbd, 0xe7, 0xc4, 
    0xda, 0xd2, 0xbb, 0xb9, 0xc9, 0xc9, 0xd5, 0xc9, 0xb1, 0xc2, 0xb0, 0xc2, 0xd3, 0xb5, 0xc4, 0xc2, 
    0xed, 0xd4, 0xf4, 0xa3, 0xac, 0xba, 0xf3, 0xc0, 0xb4, 0xbc, 0xb8, 0xbe, 0xad, 0xb9, 0xd9, 0xb8, 
    0xae, 0xce, 0xa7, 0xbd, 0xcb, 0xa3, 0xac, 0xd2, 0xbb, 0xb2, 0xbf, 0xb7, 0xd6, 0xbd, 0xd3, 0xca, 
    0xdc, 0xc1, 0xcb, 0xb9, 0xd9, 0xb8, 0xae, 0xd5, 0xd0, 0xb0, 0xb2, 0xa3, 0xac, 0xc1, 0xed, 0xd2, 
    0xbb, 0xb2, 0xbf, 0xb7, 0xd6, 0xc2, 0xed, 0xd4, 0xf4, 0xb1, 0xe3, 0xb3, 0xc9, 0xc1, 0xcb, 0xd2, 
    0xb0, 0xc0, 0xc7, 0xb0, 0xef, 0xa3, 0xac, 0xb5, 0xab, 0xca, 0xc7, 0xc2, 0xed, 0xd4, 0xf4, 0xd0, 
    0xd7, 0xba, 0xdd, 0xca, 0xc8, 0xd1, 0xaa, 0xa1, 0xa2, 0xb8, 0xd2, 0xc9, 0xb1, 0xb8, 0xd2, 0xc6, 
    0xb4, 0xb5, 0xc4, 0xba, 0xdd, 0xbe, 0xa2, 0xc8, 0xb4, 0xd2, 0xbb, 0xb2, 0xa2, 0xb4, 0xab, 0xc1, 
    0xcb, 0xcf, 0xc2, 0xc0, 0xb4, 0xa3, 0xac, 0xd2, 0xf2, 0xb4, 0xcb, 0xc6, 0xdf, 0xd0, 0xfe, 0xc3, 
    0xc5, 0xd4, 0xda, 0xba, 0xcd, 0xd2, 0xb0, 0xc0, 0xc7, 0xb0, 0xef, 0xb3, 0xe5, 0xcd, 0xbb, 0xca, 
    0xb1, 0xc2, 0xc5, 0xc2, 0xc5, 0xb4, 0xa6, 0xd3, 0xda, 0xcf, 0xc2, 0xb7, 0xe7, 0xa1, 0xa3, 0x0a, 
    0xa1, 0xa1, 0xa1, 0xa1, 0xd2, 0xb0, 0xc0, 0xc7, 0xb0, 0xef, 0xbf, 0xd8, 0xd6, 0xc6, 0xb5, 0xc4, 
    0xcf, 0xe7, 0xd5, 0xf2, 0xcb, 0xe4, 0xc8, 0xbb, 0xb1, 0xc8, 0xbd, 0xcf, 0xb6, 0xe0, 0xa3, 0xac, 
    0xb5, 0xab, 0xb2, 0xbb, 0xbb, 0xe1, 0xbe, 0xad, 0xd3, 0xaa, 0xa3, 0xac, 0xc2, 0xdb, 0xb8, 0xbb, 
    0xd7, 0xe3, 0xb3, 0xcc, 0xb6, 0xc8, 0xd4, 0xb6, 0xd4, 0xb6, 0xbc, 0xb0, 0xb2, 0xbb, 0xc9, 0xcf, 
    0xc6, 0xdf, 0xd0, 0xfe, 0xc3, 0xc5, 0xc6, 0xec, 0xcf, 0xc2, 0xb5, 0xc4, 0xb3, 0xc7, 0xd5, 0xf2, 
    0xa1, 0xa3, 0xd2, 0xb0, 0xc0, 0xc7, 0xb0, 0xef, 0xca, 0xae, 0xb7, 0xd6, 0xd1, 0xdb, 0xb2, 0xf6, 
    0xc6, 0xdf, 0xd0, 0xfe, 0xc3, 0xc5, 0xcf, 0xc2, 0xb5, 0xc4, 0xbc, 0xb8, 0xb8, 0xf6, 0xbd, 0xcf, 
    0xb8, 0xbb, 0xd4, 0xa3, 0xb5, 0xc4, 0xb5, 0xd8, 0xc5, 0xcc, 0xa3, 0xac, 0xd7, 0xee, 0xbd, 0xfc, 
    0xbe, 0xad, 0xb3, 0xa3, 0xcc, 0xf4, 0xc6, 0xf0, 0xc1, 0xbd, 0xd5, 0xdf, 0xd6, 0xae, 0xbc, 0xe4, 
    0xb5, 0xc4, 0xb3, 0xe5, 0xcd, 0xbb, 0xa3, 0xac, 0xd5, 0xe2, 0xc1, 0xee, 0xcf, 0xd6, 0xc8, 0xce, 
    0xb5, 0xc4, 0xc6, 0xdf, 0xd0, 0xfe, 0xc3, 0xc5, 0xc3, 0xc5, 0xd6, 0xf7, 0xcd, 0xb7, 0xcc, 0xdb, 
    0xb2, 0xbb, 0xd2, 0xd1, 0xa3, 0xac, 0xd2, 0xb2, 0xb3, 0xc9, 0xce, 0xaa, 0xc1, 0xcb, 0xc6, 0xdf, 
    0xd0, 0xfe, 0xc3, 0xc5, 0xbd, 0xfc, 0xc4, 0xea, 0xc0, 0xb4, 0xd2, 0xbb, 0xd4, 0xd9, 0xc0, 0xa9, 
    0xd5, 0xd0, 0xc3, 0xc5, 0xc4, 0xda, 0xb5, 0xdc, 0xd7, 0xd3, 0xb5, 0xc4, 0xd6, 0xf7, 0xd2, 0xaa, 
    0xd4, 0xad, 0xd2, 0xf2, 0xa1, 0xa3, 0x0a, 0xa1, 0xa1, 0xa1, 0xa1, 0xc2, 0xed, 0xb3, 0xb5, 0xc9, 
    0xcf, 0xcc, 0xf8, 0xcf, 0xc2, 0xd2, 0xbb, 0xc3, 0xfb, 0xcb, 0xc4, 0xca, 0xae, 0xb6, 0xe0, 0xcb, 
    0xea, 0xb5, 0xc4, 0xca, 0xdd, 0xcf, 0xf7, 0xba, 0xba, 0xd7, 0xd3, 0xa3, 0xac, 0xd5, 0xe2, 0xc3, 
    0xfb, 0xba, 0xba, 0xd7, 0xd3, 0xb6, 0xaf, 0xd7, 0xf7, 0xc3, 0xf4, 0xbd, 0xdd, 0xa3, 0xac, 0xc3, 
    0xf7, 0xcf, 0xd4, 0xc9, 0xed, 0xca, 0xd6, 0xb2, 0xbb, 0xc8, 0xf5, 0xa3, 0xac, 0xb6, 0xd4, 0xd5, 
    0xe2, 0xc0, 0xef, 0xcb, 0xc6, 0xba, 0xf5, 0xd2, 0xb2, 0xba, 0xdc, 0xca, 0xec, 0xcf, 0xa4, 0xa3, 
    0xac, 0xb4, 0xf3, 0xcc, 0xa4, 0xb2, 0xbd, 0xb5, 0xd8, 0xd6, 0xb1, 0xb1, 0xbc, 0xba, 0xab, 0xc1, 
    0xa2, 0xcb, 0xf9, 0xd4, 0xda, 0xb5, 0xc4, 0xce, 0xdd, 0xd7, 0xd3, 0xb6, 0xf8, 0xc8, 0xa5, 0xa1, 
    0xa3, 0x0a, 0xa1, 0xa1, 0xa1, 0xa1, 0xba, 0xab, 0xc1, 0xa2, 0xc8, 0xfd, 0xca, 0xe5, 0xd2, 0xbb, 
    0xbc, 0xfb, 0xd5, 0xe2, 0xc8, 0xcb, 0xa3, 0xac, 0xc1, 0xa2, 0xbf, 0xcc, 0xb9, 0xa7, 0xb9, 0xa7, 
    0xbe, 0xb4, 0xbe, 0xb4, 0xb5, 0xc4, 0xc9, 0xcf, 0xc7, 0xb0, 0xca, 0xa9, 0xc1, 0xcb, 0xd2, 0xbb, 
    0xb8, 0xf6, 0xc0, 0xf1, 0xa3, 0xba, 0xa1, 0xb0, 0xcd, 0xf5, 0xbb, 0xa4, 0xb7, 0xa8, 0xa3, 0xac, 
    0xc4, 0xfa, 0xc0, 0xcf, 0xc8, 0xcb, 0xbc, 0xd2, 0xd4, 0xf5, 0xc3, 0xb4, 0xc7, 0xd7, 0xd7, 0xd4, 
    0xb4, 0xf8, 0xc8, 0xcb, 0xc0, 0xb4, 0xc1, 0xcb, 0xa3, 0xbf, 0xa1, 0xb1, 0x0a, 0xa1, 0xa1, 0xa1, 
    0xa1, 0xa1, 0xb0, 0xba, 0xdf, 0xa3, 0xa1, 0xa1, 0xb1, 0xcd, 0xf5, 0xbb, 0xa4, 0xb7, 0xa8, 0xc0, 
    0xe4, 0xba, 0xdf, 0xc1, 0xcb, 0xd2, 0xbb, 0xc9, 0xf9, 0xa3, 0xac, 0xd2, 0xbb, 0xc1, 0xb3, 0xb5, 
    0xc4, 0xb0, 0xc1, 0xc9, 0xab, 0xa1, 0xa3, 0x0a, 0xa1, 0xa1, 0xa1, 0xa1, 0xa1, 0xb0, 0xd5, 0xe2, 
    0xb6, 0xce, 0xca, 0xb1, 0xbc, 0xe4, 0xc2, 0xb7, 0xc9, 0xcf, 0xb2, 0xbb, 0xcc, 0xab, 0xc6, 0xbd, 
    0xa3, 0xac, 0xd2, 0xaa, 0xbc, 0xd3, 0xc7, 0xbf, 0xb7, 0xc0, 0xce, 0xc0, 0xa3, 0xac, 0xb3, 0xa4, 
    0xc0, 0xcf, 0xc3, 0xfc, 0xce, 0xd2, 0xc7, 0xd7, 0xd7, 0xd4, 0xc0, 0xb4, 0xc1, 0xec, 0xc8, 0xcb, 
    0xa3, 0xac, 0xb7, 0xcf, 0xbb, 0xb0, 0xc9, 0xd9, 0xcb, 0xb5, 0xa3, 0xac, 0xd5, 0xe2, 0xb8, 0xf6, 
    0xd0, 0xa1, 0xba, 0xa2, 0xbe, 0xcd, 0xca, 0xc7, 0xc4, 0xe3, 0xd2, 0xaa, 0xbe, 0xd9, 0xbc, 0xf6, 
    0xb5, 0xc4, 0xc8, 0xcb, 0xa3, 0xbf, 0xa1, 0xb1, 0x0a, 0xa1, 0xa1, 0xa1, 0xa1, 0xa1, 0xb0, 0xca, 
    0xc7, 0xb5, 0xc4, 0xa3, 0xac, 0xca, 0xc7, 0xb5, 0xc4, 0xa3, 0xac, 0xd5, 0xe2, 0xca, 0xc7, 0xce, 
    0xd2, 0xb1, 0xbe, 0xbc, 0xd2, 0xb5, 0xc4, 0xc7, 0xd7, 0xd6, 0xb6, 0xd7, 0xd3, 0xa3, 0xac, 0xbb, 
    0xb9, 0xcd, 0xfb, 0xcd, 0xf5, 0xbb, 0xa4, 0xb7, 0xa8, 0xc2, 0xb7, 0xc9, 0xcf, 0xb6, 0xe0, 0xd5, 
    0xd5, 0xd3, 0xa6, 0xd2, 0xbb, 0xcf, 0xc2, 0xa1, 0xa3, 0xa1, 0xb1, 0xba, 0xab, 0xc5, 0xd6, 0xd7, 
    0xd3, 0xbf, 0xb4, 0xb5, 0xbd, 0xd5, 0xe2, 0xba, 0xba, 0xd7, 0xd3, 0xc9, 0xf1, 0xc9, 0xab, 0xd3, 
    0xd0, 0xd0, 0xa9, 0xb2, 0xbb, 0xc4, 0xcd, 0xb7, 0xb3, 0xa3, 0xac, 0xc2, 0xe9, 0xc0, 0xfb, 0xb5, 
    0xd8, 0xb4, 0xd3, 0xc9, 0xed, 0xc9, 0xcf, 0xc8, 0xa1, 0xb3, 0xf6, 0xb8, 0xf6, 0xb3, 0xc1, 0xb5, 
    0xe9, 0xb5, 0xe9, 0xb5, 0xc4, 0xb4, 0xfc, 0xd7, 0xd3, 0xd2, 0xfe, 0xc3, 0xd8, 0xb5, 0xc4, 0xb5, 
    0xdd, 0xc1, 0xcb, 0xb9, 0xfd, 0xc8, 0xa5, 0xa1, 0xa3, 0x0a, 0xa1, 0xa1, 0xa1, 0xa1, 0xcd, 0xf5, 
    0xbb, 0xa4, 0xb7, 0xa8, 0xb5, 0xe0, 0xc1, 0xcb, 0xb5, 0xe0, 0xb4, 0xfc, 0xd7, 0xd3, 0xa3, 0xac, 
    0xc9, 0xf1, 0xc9, 0xab, 0xd3, 0xd0, 0xd0, 0xa9, 0xcb, 0xc9, 0xbb, 0xba, 0xc1, 0xcb, 0xcf, 0xc2, 
    0xc0, 0xb4, 0xa3, 0xba, 0xa1, 0xb0, 0xba, 0xab, 0xc5, 0xd6, 0xd7, 0xd3, 0xa3, 0xac, 0xc4, 0xe3, 
    0xcd, 0xa6, 0xbb, 0xe1, 0xd7, 0xf6, 0xc8, 0xcb, 0xb5, 0xc4, 0xc2, 0xef, 0xa3, 0xa1, 0xc4, 0xe3, 
    0xd6, 0xb6, 0xd7, 0xd3, 0xce, 0xd2, 0xc2, 0xb7, 0xc9, 0xcf, 0xd7, 0xd4, 0xbb, 0xe1, 0xd5, 0xd5, 
    0xb9, 0xcb, 0xd2, 0xbb, 0xb6, 0xfe, 0xb5, 0xc4, 0xa3, 0xac, 0xca, 0xb1, 0xbc, 0xe4, 0xb2, 0xbb, 
    0xd4, 0xe7, 0xc1, 0xcb, 0xa3, 0xac, 0xbb, 0xb9, 0xca, 0xc7, 0xb8, 0xcf, 0xbd, 0xf4, 0xc9, 0xcf, 
    0xc2, 0xb7, 0xb0, 0xc9, 0xa1, 0xa3, 0xa1, 0xb1, 0x0a, 0x0a, 0x0a, 0xb5, 0xda, 0xc8, 0xfd, 0xd5, 
    0xc2, 0x20, 0xc6, 0xdf, 0xd0, 0xfe, 0xc3, 0xc5, 0x0a, 0xa1, 0xa1, 0xa1, 0xa1, 0xb3, 0xb5, 0xc4, 
    0xda, 0xb5, 0xc4, 0xc6, 0xf8, 0xce, 0xb6, 0xcf, 0xd4, 0xc8, 0xbb, 0xb2, 0xa2, 0xb2, 0xbb, 0xba, 
    0xc3, 0xce, 0xc5, 0xa3, 0xac, 0xd5, 0xe2, 0xd2, 0xb2, 0xc4, 0xd1, 0xb9, 0xd6, 0xa3, 0xac, 0xb1, 
    0xbe, 0xd3, 0xa6, 0xd6, 0xbb, 0xc4, 0xdc, 0xb3, 0xcb, 0xd7, 0xf8, 0xca, 0xae, 0xbc, 0xb8, 0xc8, 
    0xcb, 0xb5, 0xc4, 0xb3, 0xb5, 0xcf, 0xe1, 0xbc, 0xb7, 0xbd, 0xf8, 0xc1, 0xcb, 0xbd, 0xfc, 0xc8, 
    0xfd, 0xca, 0xae, 0xc3, 0xfb, 0xba, 0xa2, 0xcd, 0xaf, 0xa1, 0xa3, 0xcb, 0xe4, 0xcb, 0xb5, 0xd0, 
    0xa1, 0xba, 0xa2, 0xbf, 0xe9, 0xcd, 0xb7, 0xb1, 0xc8, 0xb3, 0xc9, 0xc4, 0xea, 0xc8, 0xcb, 0xd0, 
    0xa1, 0xba, 0xdc, 0xb6, 0xe0, 0xa3, 0xac, 0xb5, 0xab, 0xc8, 0xd4, 0xca, 0xb9, 0xb3, 0xb5, 0xc4, 
    0xda, 0xd3, 0xb5, 0xbc, 0xb7, 0xb2, 0xbb, 0xbf, 0xb0, 0xa1, 0xa3, 0x0a, 0xa1, 0xa1, 0xa1, 0xa1, 
    0xba, 0xab, 0xc1, 0xa2, 0xbb, 0xfa, 0xc1, 0xe9, 0xb5, 0xd8, 0xb0, 0xd1, 0xca, 0xdd, 0xc8, 0xf5, 
    0xb5, 0xc4, 0xc9, 0xed, 0xd7, 0xd3, 0xcb, 0xf5, 0xb5, 0xbd, 0xb3, 0xb5, 0xcf, 0xe1, 0xc4, 0xda, 
    0xb5, 0xc4, 0xb1, 0xdf, 0xbd, 0xc7, 0xc0, 0xef, 0xa3, 0xac, 0xcd, 0xb5, 0xcd, 0xb5, 0xb5, 0xc4, 
    0xb4, 0xf2, 0xc1, 0xbf, 0xd7, 0xc5, 0xb3, 0xb5, 0xc4, 0xda, 0xb5, 0xc4, 0xc6, 0xe4, 0xcb, 0xfb, 
    0xba, 0xa2, 0xcd, 0xaf, 0xa1, 0xa3, 0x0a, 0xa1, 0xa1, 0xa1, 0xa1, 0xc0, 0xb4, 0xb2, 0xce, 0xbc, 
    0xd3, 0xc8, 0xeb, 0xc3, 0xc5, 0xbf, 0xbc, 0xca, 0xd4, 0xb5, 0xc4, 0xba, 0xa2, 0xcd, 0xaf, 0xb4, 
    0xd3, 0xd2, 0xc2, 0xd7, 0xc5, 0xb4, 0xf2, 0xb0, 0xe7, 0xbc, 0xb0, 0xb3, 0xf6, 0xc9, 0xed, 0xc9, 
    0xcf, 0xbf, 0xb4, 0xc3, 0xf7, 0xcf, 0xd4, 0xb7, 0xd6, 0xce, 0xaa, 0xc1, 0xcb, 0xc8, 0xfd, 0xc0, 
    0xe0, 0xc8, 0xcb, 0xa3, 0xba, 0xb5, 0xda, 0xd2, 0xbb, 0xc0, 0xe0, 0xc8, 0xcb, 0xca, 0xc7, 0xd7, 
    0xf8, 0xd4, 0xda, 0xb3, 0xb5, 0xcf, 0xe1, 0xd5, 0xfd, 0xd6, 0xd0, 0xa3, 0xac, 0xd5, 0xfd, 0xb1, 
    0xbb, 0xc6, 0xe4, 0xd3, 0xe0, 0xb4, 0xf3, 0xb2, 0xbf, 0xb7, 0xd6, 0xba, 0xa2, 0xcd, 0xaf, 0xb4, 
    0xd8, 0xd3, 0xb5, 0xc6, 0xe4, 0xd6, 0xd0, 0xb5, 0xc4, 0xbd, 0xf5, 0xd2, 0xc2, 0xc9, 0xd9, 0xc4, 
    0xea, 0xd5, 0xe2, 0xd2, 0xbb, 0xc0, 0xe0, 0xc8, 0xcb, 0xa1, 0xa3, 0x0a, 0xa1, 0xa1, 0xa1, 0xa1, 
    0xc4, 0xc7, 0xc3, 0xfb, 0xc9, 0xd9, 0xc4, 0xea, 0xbd, 0xd0, 0xce, 0xe8, 0xd1, 0xd2, 0xa3, 0xac, 
    0xbd, 0xf1, 0xc4, 0xea, 0xca, 0xae, 0xc8, 0xfd, 0xcb, 0xea, 0xa3, 0xac, 0xca, 0xc7, 0xb3, 0xb5, 
    0xc4, 0xda, 0xc4, 0xea, 0xc1, 0xe4, 0xd7, 0xee, 0xb4, 0xf3, 0xb5, 0xc4, 0xd2, 0xbb, 0xb8, 0xf6, 
    0xa1, 0xa3, 0xb1, 0xbe, 0xc0, 0xb4, 0xc4, 0xea, 0xc1, 0xe4, 0xd2, 0xd1, 0xb3, 0xac, 0xb9, 0xfd, 
    0xc1, 0xcb, 0xb9, 0xe6, 0xb6, 0xa8, 0xa3, 0xac, 0xb5, 0xab, 0xc6, 0xe4, 0xd3, 0xd0, 0xd2, 0xbb, 
    0xb1, 0xed, 0xbd, 0xe3, 0xbc, 0xde, 0xb8, 0xf8, 0xc6, 0xdf, 0xd0, 0xfe, 0xc3, 0xc5, 0xc4, 0xda, 
    0xb5, 0xc4, 0xd2, 0xbb, 0xc3, 0xfb, 0xd5, 0xc6, 0xc8, 0xa8, 0xc8, 0xcb, 0xce, 0xef, 0xa3, 0xac, 
    0xc4, 0xea, 0xc1, 0xe4, 0xce, 0xca, 0xcc, 0xe2, 0xd7, 0xd4, 0xc8, 0xbb, 0xd2, 0xb2, 0xbe, 0xcd, 
    0xb2, 0xbb, 0xb3, 0xc9, 0xce, 0xca, 0xcc, 0xe2, 0xc1, 0xcb, 0xa1, 0xa3, 0xce, 0xe8, 0xd1, 0xd2, 
    0xbc, 0xd2, 0xbf, 0xaa, 0xc1, 0xcb, 0xd2, 0xbb, 0xbc, 0xe4, 0xce, 0xe4, 0xb9, 0xdd, 0xa3, 0xac, 
    0xbc, 0xd2, 0xd6, 0xd0, 0xc6, 0xc4, 0xce, 0xaa, 0xb8, 0xbb, 0xd4, 0xa3, 0xa3, 0xac, 0xbb, 0xb9, 
    0xd7, 0xd4, 0xd0, 0xa1, 0xc1, 0xb7, 0xc1, 0xcb, 0xd2, 0xbb, 0xd0, 0xa9, 0xc8, 0xad, 0xbd, 0xc5, 
    0xb9, 0xa6, 0xb7, 0xf2, 0xa3, 0xac, 0xcb, 0xe4, 0xc8, 0xbb, 0xb2, 0xa2, 0xb2, 0xbb, 0xd4, 0xf5, 
    0xc3, 0xb4, 0xb8, 0xdf, 0xc3, 0xf7, 0xa3, 0xac, 0xb5, 0xab, 0xb6, 0xd4, 0xb8, 0xb6, 0xcf, 0xf1, 
    0xba, 0xab, 0xc1, 0xa2, 0xd5, 0xe2, 0xd1, 0xf9, 0xd6, 0xbb, 0xd3, 0xd0, 0xd2, 0xbb, 0xd0, 0xa9, 
    0xb1, 0xbf, 0xc1, 0xa6, 0xc6, 0xf8, 0xb2, 0xa2, 0xb4, 0xd3, 0xce, 0xb4, 0xcf, 0xb0, 0xb9, 0xfd, 
    0xce, 0xe4, 0xb5, 0xc4, 0xba, 0xa2, 0xd7, 0xd3, 0xa3, 0xac, 0xbb, 0xb9, 0xca, 0xc7, 0xb4, 0xc2, 
    0xb4, 0xc2, 0xd3, 0xd0, 0xd3, 0xe0, 0xb5, 0xc4, 0xa1, 0xa3, 0x0a, 0xa1, 0xa1, 0xa1, 0xa1, 0xba, 
    0xdc, 0xcf, 0xd4, 0xc8, 0xbb, 0xcf, 0xf1, 0xce, 0xe8, 0xd1, 0xd2, 0xd5, 0xe2, 0xc0, 0xe0, 0xc8, 
    0xcb, 0xa3, 0xac, 0xbc, 0xd2, 0xc0, 0xef, 0xd3, 0xd0, 0xc7, 0xae, 0xd3, 0xd6, 0xd3, 0xd0, 0xca, 
    0xc6, 0xa3, 0xac, 0xbb, 0xb9, 0xbb, 0xe1, 0xbc, 0xb8, 0xca, 0xd6, 0xb9, 0xa6, 0xb7, 0xf2, 0xa3, 
    0xac, 0xd7, 0xd4, 0xc8, 0xbb, 0xbe, 0xcd, 0xd7, 0xd4, 0xb7, 0xa2, 0xb5, 0xc4, 0xb3, 0xc9, 0xce, 
    0xaa, 0xc1, 0xcb, 0xb3, 0xb5, 0xc4, 0xda, 0xb4, 0xf3, 0xb2, 0xbf, 0xb7, 0xd6, 0xba, 0xa2, 0xcd, 
    0xaf, 0xb5, 0xc4, 0xa1, 0xb0, 0xb4, 0xf3, 0xb8, 0xe7, 0xa1, 0xb1, 0xa1, 0xa3, 0x0a, 0xa1, 0xa1, 
    0xa1, 0xa1, 0xc1, 0xed, 0xd2, 0xbb, 0xc0, 0xe0, 0xc8, 0xcb, 0xbe, 0xcd, 0xca, 0xc7, 0xb4, 0xd8, 
    0xd3, 0xb5, 0xd7, 0xc5, 0xce, 0xe8, 0xd1, 0xd2, 0xb5, 0xc4, 0xd5, 0xe2, 0xd0, 0xa9, 0xba, 0xa2, 
    0xcd, 0xaf, 0xa3, 0xac, 0xd5, 0xe2, 0xb2, 0xbf, 0xb7, 0xd6, 0xc8, 0xcb, 0xb3, 0xf6, 0xc9, 0xed, 
    0xce, 0xe5, 0xbb, 0xa8, 0xb0, 0xcb, 0xc3, 0xc5, 0xa3, 0xac, 0xbc, 0xd2, 0xc0, 0xef, 0xd3, 0xd0, 
    0xbf, 0xaa, 0xb5, 0xea, 0xc6, 0xcc, 0xb5, 0xc4, 0xa3, 0xac, 0xd3, 0xd0, 0xb4, 0xf2, 0xb9, 0xa4, 
    0xb5, 0xc4, 0xa3, 0xac, 0xd3, 0xd0, 0xbf, 0xbf, 0xca, 0xd6, 0xd2, 0xd5, 0xb3, 0xd4, 0xb7, 0xb9, 
    0xb5, 0xc4, 0xa1, 0xad, 0xa1, 0xad, 0xb5, 0xc8, 0xb5, 0xc8, 0xa3, 0xac, 0xb5, 0xab, 0xb6, 0xbc, 
    0xd3, 0xd0, 0xcd, 0xac, 0xd2, 0xbb, 0xb8, 0xf6, 0xcc, 0xd8, 0xb5, 0xe3, 0xbe, 0xcd, 0xca, 0xc7, 
    0xa3, 0xba, 0xb6, 0xbc, 0xca, 0xc7, 0xd4, 0xda, 0xb3, 0xc7, 0xd5, 0xf2, 0xd6, 0xd0, 0xb3, 0xa4, 
    0xb4, 0xf3, 0xb5, 0xc4, 0xa3, 0xac, 0xd7, 0xd4, 0xc8, 0xbb, 0xbb, 0xf2, 0xb6, 0xe0, 0xbb, 0xf2, 
    0xc9, 0xd9, 0xb5, 0xc4, 0xb8, 0xfa, 0xbc, 0xd2, 0xc0, 0xef, 0xb4, 0xf3, 0xc8, 0xcb, 0xd1, 0xa7, 
    0xbb, 0xe1, 0xc1, 0xcb, 0xd2, 0xbb, 0xd0, 0xa9, 0xb2, 0xec, 0xd1, 0xd4, 0xb9, 0xdb, 0xc9, 0xab, 
    0xa3, 0xac, 0xd6, 0xf0, 0xc0, 0xfb, 0xb6, 0xf8, 0xd0, 0xd0, 0xb5, 0xc4, 0xb1, 0xbe, 0xca, 0xc2, 
    0xa3, 0xac, 0xd2, 0xf2, 0xb4, 0xcb, 0xd5, 0xe2, 0xd0, 0xa9, 0xc8, 0xcb, 0xb6, 0xbc, 0xb4, 0xd8, 
    0xd3, 0xb5, 0xd7, 0xc5, 0xce, 0xe8, 0xd1, 0xd2, 0xa3, 0xac, 0xb2, 0xa2, 0xd7, 0xf3, 0xd2, 0xbb, 
    0xc9, 0xf9, 0xa1, 0xb0, 0xce, 0xe8, 0xc9, 0xd9, 0xd2, 0xaf, 0xa1, 0xb1, 0xd3, 0xd2, 0xd2, 0xbb, 
    0xc9, 0xf9, 0xa1, 0xb0, 0xce, 0xe8, 0xb4, 0xf3, 0xb8, 0xe7, 0xa1, 0xb1, 0xb5, 0xc4, 0xb3, 0xc6, 
    0xba, 0xf4, 0xd7, 0xc5, 0xa3, 0xac, 0xce, 0xe8, 0xd1, 0xd2, 0xbf, 0xb4, 0xc6, 0xf0, 0xc0, 0xb4, 
    0xb6, 0xd4, 0xb4, 0xcb, 0xd4, 0xe7, 0xd2, 0xd4, 0xcf, 0xb0, 0xd2, 0xd4, 0xce, 0xaa, 0xb3, 0xa3, 
    0xa3, 0xac, 0xb7, 0xc7, 0xb3, 0xa3, 0xb5, 0xc4, 0xca, 0xdc, 0xd3, 0xc3, 0xd5, 0xe2, 0xd0, 0xa9, 
    0xb3, 0xc6, 0xba, 0xf4, 0xa1, 0xa3, 0x0a, 0xa1, 0xa1, 0xa1, 0xa1, 0xd7, 0xee, 0xba, 0xf3, 0xd2, 
    0xbb, 0xc0, 0xe0, 0xc8, 0xcb, 0xbe, 0xcd, 0xca, 0xc7, 0xba, 0xab, 0xc1, 0xa2, 0xd5, 0xe2, 0xc0, 
    0xe0, 0xa3, 0xac, 0xd5, 0xe2, 0xc0, 0xe0, 0xc8, 0xcb, 0xb6, 0xbc, 0xc0, 0xb4, 0xd7, 0xd4, 0xc6, 
    0xab, 0xc6, 0xa7, 0xb5, 0xc4, 0xc7, 0xee, 0xcf, 0xe7, 0xc6, 0xa7, 0xc8, 0xc0, 0xa3, 0xac, 0xbc, 
    0xd2, 0xc0, 0xef, 0xd2, 0xbb, 0xb0, 0xe3, 0xb6, 0xbc, 0xca, 0xc7, 0xbf, 0xbf, 0xc9, 0xbd, 0xb3, 
    0xd4, 0xc9, 0xbd, 0xa3, 0xac, 0xbf, 0xbf, 0xcb, 0xae, 0xb3, 0xd4, 0xcb, 0xae, 0xa3, 0xac, 0xb7, 
    0xc7, 0xb3, 0xa3, 0xb5, 0xc4, 0xc7, 0xee, 0xbf, 0xe0, 0xa1, 0xa3, 0xd5, 0xe2, 0xc0, 0xe0, 0xc8, 
    0xcb, 0xd4, 0xda, 0xb3, 0xb5, 0xc0, 0xef, 0xca, 0xc7, 0xd7, 0xee, 0xc9, 0xd9, 0xb5, 0xc4, 0xc1, 
    0xcb, 0xa3, 0xac, 0xd6, 0xbb, 0xd3, 0xd0, 0xce, 0xe5, 0xc1, 0xf9, 0xc8, 0xcb, 0xa3, 0xac, 0xc9, 
    0xf1, 0xcc, 0xac, 0xb6, 0xe0, 0xb0, 0xeb, 0xce, 0xb7, 0xca, 0xd7, 0xce, 0xb7, 0xce, 0xb2, 0xb2, 
    0xbb, 0xb8, 0xd2, 0xb4, 0xf3, 0xc9, 0xf9, 0xd1, 0xd4, 0xd3, 0xef, 0xa3, 0xac, 0xd6, 0xbb, 0xca, 
    0xc7, 0xbf, 0xb4, 0xd7, 0xc5, 0xb1, 0xf0, 0xc8, 0xcb, 0xb7, 0xc5, 0xc9, 0xf9, 0xcb, 0xb5, 0xd0, 
    0xa6, 0xa3, 0xac, 0xba, 0xcd, 0xb2, 0xbb, 0xca, 0xb1, 0xb4, 0xf3, 0xc9, 0xf9, 0xd0, 0xfa, 0xc4, 
    0xd6, 0xb5, 0xc4, 0xc4, 0xc7, 0xb2, 0xbf, 0xb7, 0xd6, 0xba, 0xa2, 0xd7, 0xd3, 0xd0, 0xce, 0xb3, 
    0xc9, 0xc1, 0xcb, 0xcf, 0xca, 0xc3, 0xf7, 0xb5, 0xc4, 0xb6, 0xd4, 0xb1, 0xc8, 0xa1, 0xa3, 0x0a, 
    0xa1, 0xa1, 0xa1, 0xa1, 0xc2, 0xed, 0xb3, 0xb5, 0xb4, 0xd3, 0xc7, 0xe0, 0xc5, 0xa3, 0xd5, 0xf2, 
    0xb3, 0xf6, 0xb7, 0xa2, 0xd2, 0xbb, 0xc2, 0xb7, 0xcf, 0xf2, 0xce, 0xf7, 0xb7, 0xc9, 0xb1, 0xbc, 
    0xa3, 0xac, 0xc2, 0xb7, 0xcd, 0xbe, 0xd6, 0xd0, 0xc8, 0xa5, 0xc1, 0xcb, 0xba, 0xc3, 0xbc, 0xb8, 
    0xb8, 0xf6, 0xb5, 0xd8, 0xb7, 0xbd, 0xa3, 0xac, 0xd3, 0xd6, 0xbd, 0xd3, 0xc1, 0xcb, 0xbc, 0xb8, 
    0xb8, 0xf6, 0xba, 0xa2, 0xcd, 0xaf, 0xa3, 0xac, 0xd6, 0xd5, 0xd3, 0xda, 0xd4, 0xda, 0xb5, 0xda, 
    0xce, 0xe5, 0xcc, 0xec, 0xb0, 0xf8, 0xcd, 0xed, 0xca, 0xb1, 0xb7, 0xd6, 0xb8, 0xcf, 0xb5, 0xbd, 
    0xc1, 0xcb, 0xb2, 0xca, 0xcf, 0xbc, 0xc9, 0xbd, 0xa1, 0xaa, 0xa1, 0xaa, 0xc6, 0xdf, 0xd0, 0xfe, 
    0xc3, 0xc5, 0xd7, 0xdc, 0xc3, 0xc5, 0xcb, 0xf9, 0xd4, 0xda, 0xb5, 0xd8, 0xa1, 0xa3, 0x0a, 0xa1, 
    0xa1, 0xa1, 0xa1, 0xcb, 0xf9, 0xd3, 0xd0, 0xb5, 0xc4, 0xba, 0xa2, 0xd7, 0xd3, 0xd2, 0xbb, 0xcf, 
    0xc2, 0xb3, 0xb5, 0xa3, 0xac, 0xb6, 0xbc, 0xb1, 0xbb, 0xb2, 0xca, 0xcf, 0xbc, 0xc9, 0xbd, 0xc4, 
    0xc7, 0xce, 0xe5, 0xb2, 0xca, 0xb5, 0xc4, 0xc2, 0xe4, 0xc8, 0xd5, 0xc3, 0xc0, 0xbe, 0xb0, 0xc9, 
    0xee, 0xc9, 0xee, 0xb5, 0xc4, 0xc3, 0xd4, 0xd7, 0xa1, 0xc1, 0xcb, 0xa3, 0xac, 0xd6, 0xb1, 0xb5, 
    0xbd, 0xcd, 0xf5, 0xbb, 0xa4, 0xb7, 0xa8, 0xb4, 0xdf, 0xb4, 0xd9, 0xc9, 0xf9, 0xc6, 0xf0, 0xa3, 
    0xac, 0xb4, 0xf3, 0xbc, 0xd2, 0xb2, 0xc5, 0xc7, 0xe5, 0xd0, 0xd1, 0xb9, 0xfd, 0xc0, 0xb4, 0xbc, 
    0xcc, 0xd0, 0xf8, 0xcd, 0xf9, 0xc7, 0xb0, 0xd7, 0xdf, 0xa1, 0xa3, 0x0a, 0xa1, 0xa1, 0xa1, 0xa1, 
    0xb2, 0xca, 0xcf, 0xbc, 0xc9, 0xbd, 0xd4, 0xad, 0xc3, 0xfb, 0xc2, 0xe4, 0xb7, 0xef, 0xc9, 0xbd, 
    0xa3, 0xac, 0xcf, 0xe0, 0xb4, 0xab, 0xb9, 0xc5, 0xca, 0xb1, 0xd2, 0xbb, 0xcd, 0xb7, 0xce, 0xe5, 
    0xc9, 0xab, 0xb2, 0xca, 0xb7, 0xef, 0xc2, 0xe4, 0xd4, 0xda, 0xb4, 0xcb, 0xb5, 0xd8, 0xa3, 0xac, 
    0xbb, 0xaf, 0xb3, 0xc9, 0xb4, 0xcb, 0xc9, 0xbd, 0xa1, 0xa3, 0xba, 0xf3, 0xd3, 0xc9, 0xd3, 0xda, 
    0xc0, 0xb4, 0xb4, 0xcb, 0xb5, 0xc4, 0xc8, 0xcb, 0xb7, 0xa2, 0xcf, 0xd6, 0xb4, 0xcb, 0xc9, 0xbd, 
    0xd4, 0xda, 0xc2, 0xe4, 0xc8, 0xd5, 0xca, 0xb1, 0xb7, 0xd6, 0xc3, 0xc0, 0xc0, 0xf6, 0xd2, 0xec, 
    0xb3, 0xa3, 0xa3, 0xac, 0xd3, 0xcc, 0xc8, 0xe7, 0xb2, 0xca, 0xcf, 0xbc, 0xc1, 0xfd, 0xd5, 0xd6, 
    0xa3, 0xac, 0xd3, 0xd6, 0xb1, 0xbb, 0xc8, 0xcb, 0xb8, 0xc4, 0xce, 0xaa, 0xb2, 0xca, 0xcf, 0xbc, 
    0xc9, 0xbd, 0xa1, 0xa3, 0xb5, 0xb1, 0xc8, 0xbb, 0xb4, 0xcb, 0xc9, 0xbd, 0xd7, 0xd4, 0xb4, 0xd3, 
    0xb1, 0xbb, 0xc6, 0xdf, 0xd0, 0xfe, 0xc3, 0xc5, 0xd5, 0xbc, 0xd3, 0xd0, 0xba, 0xf3, 0xa3, 0xac, 
    0xcd, 0xe2, 0xc8, 0xcb, 0xd7, 0xd4, 0xc8, 0xbb, 0xb2, 0xbb, 0xc4, 0xdc, 0xd4, 0xd9, 0xc0, 0xb4, 
    0xb4, 0xcb, 0xcb, 0xe6, 0xd2, 0xe2, 0xd0, 0xc0, 0xc9, 0xcd, 0xc8, 0xe7, 0xb4, 0xcb, 0xc3, 0xc0, 
    0xbe, 0xb0, 0xc1, 0xcb, 0xa1, 0xa3, 0x0a, 0xa1, 0xa1, 0xa1, 0xa1, 0xb2, 0xca, 0xcf, 0xbc, 0xc9, 
    0xbd, 0xca, 0xc7, 0xbe, 0xb5, 0xd6, 0xdd, 0xbe, 0xb3, 0xc4, 0xda, 0xb5, 0xda, 0xb6, 0xfe, 0xb4, 
    0xf3, 0xc9, 0xbd, 0xa3, 0xac, 0xb3, 0xfd, 0xc1, 0xcb, 0xc1, 0xed, 0xd2, 0xbb, 0xd7, 0xf9, 0xb0, 
    0xd9, 0xc3, 0xa7, 0xc9, 0xbd, 0xa3, 0xac, 0xbe, 0xcd, 0xca, 0xfd, 0xb4, 0xcb, 0xc9, 0xbd, 0xd5, 
    0xbc, 0xb5, 0xd8, 0xd7, 0xee, 0xb9, 0xe3, 0xa3, 0xac, 0xb7, 0xbd, 0xd4, 0xb2, 0xca, 0xae, 0xbc, 
    0xb8, 0xc0, 0xef, 0xc4, 0xda, 0xb6, 0xbc, 0xca, 0xc7, 0xb4, 0xcb, 0xc9, 0xbd, 0xb5, 0xc4, 0xc9, 
    0xbd, 0xc2, 0xf6, 0xcb, 0xf9, 0xd4, 0xda, 0xa1, 0xa3, 0xb4, 0xcb, 0xc9, 0xbd, 0xd3, 0xb5, 0xd3, 
    0xd0, 0xb4, 0xf3, 0xb4, 0xf3, 0xd0, 0xa1, 0xd0, 0xa1, 0xb5, 0xc4, 0xc9, 0xbd, 0xb7, 0xe5, 0xca, 
    0xae, 0xbc, 0xb8, 0xb8, 0xf6, 0xa3, 0xac, 0xb8, 0xf7, 0xb8, 0xf6, 0xb6, 0xbc, 0xca, 0xae, 0xb7, 
    0xd6, 0xcf, 0xd5, 0xd2, 0xaa, 0xa3, 0xac, 0xd2, 0xf2, 0xb4, 0xcb, 0xc8, 0xab, 0xb6, 0xbc, 0xb1, 
    0xbb, 0xc6, 0xdf, 0xd0, 0xfe, 0xc3, 0xc5, 0xb8, 0xf7, 0xb8, 0xf6, 0xb7, 0xd6, 0xcc, 0xc3, 0xcb, 
    0xf9, 0xd5, 0xbc, 0xbe, 0xdd, 0xa1, 0xa3, 0xb2, 0xca, 0xcf, 0xbc, 0xc9, 0xbd, 0xb5, 0xc4, 0xd6, 
    0xf7, 0xb7, 0xe5, 0xa1, 0xb0, 0xc2, 0xe4, 0xc8, 0xd5, 0xb7, 0xe5, 0xa1, 0xb1, 0xb8, 0xfc, 0xca, 
    0xc7, 0xcf, 0xd5, 0xb6, 0xf1, 0xce, 0xde, 0xb1, 0xc8, 0xa3, 0xac, 0xb2, 0xbb, 0xb5, 0xab, 0xc6, 
    0xe6, 0xb8, 0xdf, 0xb6, 0xb8, 0xc7, 0xcd, 0xa3, 0xac, 0xb6, 0xf8, 0xc7, 0xd2, 0xb4, 0xd3, 0xc9, 
    0xbd, 0xb5, 0xd7, 0xb5, 0xbd, 0xb7, 0xe5, 0xb6, 0xa5, 0xd6, 0xbb, 0xd3, 0xd0, 0xd2, 0xbb, 0xcc, 
    0xf5, 0xc2, 0xb7, 0xbf, 0xc9, 0xd7, 0xdf, 0xa3, 0xac, 0xc6, 0xdf, 0xd0, 0xfe, 0xc3, 0xc5, 0xbd, 
    0xab, 0xd7, 0xdc, 0xcc, 0xc3, 0xb7, 0xc5, 0xd4, 0xda, 0xb4, 0xcb, 0xb4, 0xa6, 0xba, 0xf3, 0xa3, 
    0xac, 0xd3, 0xd6, 0xd4, 0xda, 0xd5, 0xe2, 0xcc, 0xf5, 0xc2, 0xb7, 0xb5, 0xc4, 0xcf, 0xd5, 0xd2, 
    0xaa, 0xd6, 0xae, 0xb4, 0xa6, 0xa3, 0xac, 0xd2, 0xbb, 0xc1, 0xac, 0xc9, 0xe8, 0xcf, 0xc2, 0xc1, 
    0xcb, 0xca, 0xae, 0xc8, 0xfd, 0xb4, 0xa6, 0xbb, 0xf2, 0xc3, 0xf7, 0xbb, 0xf2, 0xb0, 0xb5, 0xb5, 
    0xc4, 0xc9, 0xda, 0xbf, 0xa8, 0xa3, 0xac, 0xbf, 0xc9, 0xb3, 0xc6, 0xb5, 0xc3, 0xc9, 0xcf, 0xca, 
    0xc7, 0xcd, 0xf2, 0xce, 0xde, 0xd2, 0xbb, 0xca, 0xa7, 0xa3, 0xac, 0xb8, 0xdf, 0xd5, 0xed, 0xce, 
    0xde, 0xd3, 0xc7, 0xa1, 0xa3, 0x0a, 0xa1, 0xa1, 0xa1, 0xa1, 0xba, 0xab, 0xc1, 0xa2, 0xb1, 0xdf, 
    0xb4, 0xf2, 0xc1, 0xbf, 0xd7, 0xc5, 0xcb, 0xc4, 0xd6, 0xdc, 0xb1, 0xdf, 0xb8, 0xfa, 0xd7, 0xc5, 
    0xc7, 0xb0, 0xb1, 0xdf, 0xb5, 0xc4, 0xc8, 0xcb, 0xcf, 0xf2, 0xc7, 0xb0, 0xd7, 0xdf, 0xa3, 0xac, 
    0xba, 0xf6, 0xc8, 0xbb, 0xc7, 0xb0, 0xcd, 0xb7, 0xb5, 0xc4, 0xb6, 0xd3, 0xce, 0xe9, 0xcd, 0xa3, 
    0xc1, 0xcb, 0xcf, 0xc2, 0xc0, 0xb4, 0xa3, 0xac, 0xbd, 0xd3, 0xd7, 0xc5, 0xb4, 0xab, 0xc0, 0xb4, 
    0xd2, 0xbb, 0xc9, 0xf9, 0xba, 0xc0, 0xcb, 0xac, 0xb5, 0xc4, 0xbb, 0xb0, 0xd3, 0xef, 0xc9, 0xf9, 
    0xa3, 0xba, 0xa1, 0xb0, 0xcd, 0xf5, 0xc0, 0xcf, 0xb5, 0xdc, 0xa3, 0xac, 0xd4, 0xf5, 0xc3, 0xb4, 
    0xb2, 0xc5, 0xb5, 0xbd, 0xa3, 0xbf, 0xbf, 0xc9, 0xb1, 0xc8, 0xd4, 0xa4, 0xb6, 0xa8, 0xca, 0xb1, 
    0xbc, 0xe4, 0xcd, 0xed, 0xc1, 0xcb, 0xc1, 0xbd, 0xcc, 0xec, 0xa1, 0xa3, 0xa1, 0xb1, 0x0a, 0xa1, 
    0xa1, 0xa1, 0xa1, 0xa1, 0xb0, 0xd4, 0xc0, 0xcc, 0xc3, 0xd6, 0xf7, 0xa3, 0xac, 0xc2, 0xb7, 0xc9, 
    0xcf, 0xb5, 0xa2, 0xb8, 0xe9, 0xc1, 0xcb, 0xd0, 0xa9, 0xca, 0xb1, 0xbc, 0xe4, 0xa3, 0xac, 0xc0, 
    0xcd, 0xb7, 0xb3, 0xc4, 0xfa, 0xc0, 0xcf, 0xb7, 0xd1, 0xd0, 0xc4, 0xc1, 0xcb, 0xa1, 0xa3, 0xa1, 
    0xb1, 0xcd, 0xf5, 0xbb, 0xa4, 0xb7, 0xa8, 0xd5, 0xbe, 0xd4, 0xda, 0xc8, 0xcb, 0xc8, 0xba, 0xc7, 
    0xb0, 0xa3, 0xac, 0xb9, 0xa7, 0xbe, 0xb4, 0xb5, 0xc4, 0xcf, 0xf2, 0xd2, 0xbb, 0xce, 0xbb, 0xba, 
    0xec, 0xc1, 0xb3, 0xb5, 0xc4, 0xc0, 0xcf, 0xd5, 0xdf, 0xca, 0xa9, 0xc1, 0xcb, 0xd2, 0xbb, 0xc0, 
    0xf1, 0xa3, 0xac, 0xd2, 0xbb, 0xb8, 0xc4, 0xc2, 0xb7, 0xc9, 0xcf, 0xd2, 0xbb, 0xd6, 0xb1, 0xb5, 
    0xc4, 0xb0, 0xcf, 0xec, 0xe8, 0xc9, 0xf1, 0xc9, 0xab, 0xa3, 0xac, 0xc1, 0xb3, 0xc9, 0xcf, 0xc2, 
    0xb6, 0xb3, 0xf6, 0xc1, 0xcb, 0xbc, 0xb8, 0xb7, 0xd6, 0xda, 0xc6, 0xc3, 0xc4, 0xa1, 0xa3, 0x0a, 
    0xa1, 0xa1, 0xa1, 0xa1, 0xa1, 0xb0, 0xd5, 0xe2, 0xca, 0xc7, 0xb5, 0xda, 0xbc, 0xb8, 0xc5, 0xfa, 
    0xcb, 0xcd, 0xb5, 0xbd, 0xc9, 0xbd, 0xc9, 0xcf, 0xb5, 0xc4, 0xb5, 0xdc, 0xd7, 0xd3, 0xc1, 0xcb, 
    0xa3, 0xbf, 0xa1, 0xb1, 0x0a, 0xa1, 0xa1, 0xa1, 0xa1, 0xa1, 0xb0, 0xb5, 0xda, 0xca, 0xae, 0xc6, 
    0xdf, 0xc5, 0xfa, 0xc8, 0xcb, 0xc1, 0xcb, 0xa1, 0xa3, 0xa1, 0xb1, 0x0a, 0xa1, 0xa1, 0xa1, 0xa1, 
    0xa1, 0xb0, 0xba, 0xdf, 0xa3, 0xa1, 0xa1, 0xb1, 0xd5, 0xe2, 0xce, 0xbb, 0xd4, 0xc0, 0xcc, 0xc3, 
    0xd6, 0xf7, 0xb4, 0xf3, 0xc4, 0xa3, 0xb4, 0xf3, 0xd1, 0xf9, 0xb5, 0xc4, 0xbf, 0xb4, 0xc1, 0xcb, 
    0xba, 0xab, 0xc1, 0xa2, 0xcb, 0xfb, 0xc3, 0xc7, 0xbc, 0xb8, 0xd1, 0xdb, 0xa1, 0xa3, 0x0a, 0xa1, 
    0xa1, 0xa1, 0xa1, 0xa1, 0xb0, 0xcb, 0xcd, 0xb5, 0xbd, 0xc7, 0xe5, 0xbf, 0xcd, 0xd4, 0xba, 0xa3, 
    0xac, 0xc8, 0xc3, 0xcb, 0xfb, 0xc3, 0xc7, 0xba, 0xc3, 0xba, 0xc3, 0xd0, 0xdd, 0xcf, 0xa2, 0xd2, 
    0xbb, 0xcd, 0xed, 0xa3, 0xac, 0xc3, 0xf7, 0xcc, 0xec, 0xd2, 0xbb, 0xd4, 0xe7, 0xbe, 0xcd, 0xbf, 
    0xaa, 0xca, 0xbc, 0xd1, 0xa1, 0xb0, 0xce, 0xba, 0xcf, 0xb8, 0xf1, 0xb5, 0xdc, 0xd7, 0xd3, 0xa1, 
    0xa3, 0xc3, 0xbb, 0xb9, 0xfd, 0xb9, 0xd8, 0xb5, 0xc4, 0xa3, 0xac, 0xbc, 0xb0, 0xd4, 0xe7, 0xc8, 
    0xc3, 0xcb, 0xfb, 0xc3, 0xc7, 0xcf, 0xc2, 0xc9, 0xbd, 0xa3, 0xac, 0xc3, 0xe2, 0xb5, 0xc3, 0xb7, 
    0xb8, 0xc1, 0xcb, 0xc9, 0xbd, 0xc9, 0xcf, 0xb5, 0xc4, 0xb9, 0xe6, 0xbe, 0xd8, 0xa1, 0xa3, 0xa1, 
    0xb1, 0x0a, 0xa1, 0xa1, 0xa1, 0xa1, 0xa1, 0xb0, 0xd7, 0xf1, 0xc3, 0xfc, 0xa3, 0xac, 0xd4, 0xc0, 
    0xcc, 0xc3, 0xd6, 0xf7, 0xa1, 0xa3, 0xa1, 0xb1, 0x0a, 0xa1, 0xa1, 0xa1, 0xa1, 0xd7, 0xdf, 0xd4, 
    0xda, 0xc9, 0xcf, 0xc9, 0xbd, 0xb5, 0xc4, 0xca, 0xaf, 0xbd, 0xd7, 0xc9, 0xcf, 0xa3, 0xac, 0xcb, 
    0xf9, 0xd3, 0xd0, 0xb5, 0xc4, 0xd0, 0xa1, 0xba, 0xa2, 0xb6, 0xbc, 0xd0, 0xcb, 0xb7, 0xdc, 0xb2, 
    0xbb, 0xd2, 0xd1, 0xa3, 0xac, 0xb5, 0xab, 0xc3, 0xbb, 0xd3, 0xd0, 0xc8, 0xcb, 0xb8, 0xd2, 0xb4, 
    0xf3, 0xc9, 0xf9, 0xcb, 0xb5, 0xbb, 0xb0, 0xa3, 0xac, 0xcb, 0xe4, 0xc8, 0xbb, 0xd6, 0xda, 0xc8, 
    0xcb, 0xc4, 0xea, 0xbc, 0xcd, 0xb6, 0xbc, 0xb2, 0xbb, 0xb4, 0xf3, 0xa3, 0xac, 0xc8, 0xb4, 0xb6, 
    0xbc, 0xd6, 0xaa, 0xb5, 0xc0, 0xd5, 0xe2, 0xc0, 0xef, 0xbe, 0xcd, 0xca, 0xc7, 0xbe, 0xf6, 0xb6, 
    0xa8, 0xd7, 0xd4, 0xbc, 0xba, 0xce, 0xb4, 0xc0, 0xb4, 0xc3, 0xfc, 0xd4, 0xcb, 0xb5, 0xc4, 0xb5, 
    0xd8, 0xb7, 0xbd, 0xa1, 0xa3, 0x0a, 0xa1, 0xa1, 0xa1, 0xa1, 0xcd, 0xf5, 0xbb, 0xa4, 0xb7, 0xa8, 
    0xd2, 0xbb, 0xb1, 0xdf, 0xd4, 0xda, 0xc7, 0xb0, 0xc3, 0xe6, 0xb4, 0xf8, 0xc2, 0xb7, 0xa3, 0xac, 
    0xd2, 0xbb, 0xb1, 0xdf, 0xc3, 0xe6, 0xb4, 0xf8, 0xce, 0xa2, 0xd0, 0xa6, 0xb5, 0xc4, 0xd3, 0xeb, 
    0xc2, 0xb7, 0xc9, 0xcf, 0xd3, 0xf6, 0xb5, 0xbd, 0xb5, 0xc4, 0xc8, 0xcb, 0xb4, 0xf2, 0xd7, 0xc5, 
    0xd5, 0xd0, 0xba, 0xf4, 0xa3, 0xac, 0xbf, 0xc9, 0xd2, 0xd4, 0xbf, 0xb4, 0xb5, 0xc3, 0xb3, 0xf6, 
    0xcb, 0xfb, 0xd4, 0xda, 0xc3, 0xc5, 0xc4, 0xda, 0xca, 0xec, 0xc8, 0xcb, 0xba, 0xdc, 0xb6, 0xe0, 
    0xa3, 0xac, 0xc8, 0xcb, 0xd4, 0xb5, 0xb2, 0xbb, 0xb4, 0xed, 0xa1, 0xa3, 0x0a, 0xa1, 0xa1, 0xa1, 
    0xa1, 0xd2, 0xbb, 0xc2, 0xb7, 0xd3, 0xf6, 0xb5, 0xbd, 0xb5, 0xc4, 0xc8, 0xcb, 0xb4, 0xf3, 0xb6, 
    0xbc, 0xc9, 0xed, 0xb4, 0xa9, 0xc7, 0xe0, 0xb6, 0xd0, 0xd2, 0xc2, 0xa3, 0xac, 0xc9, 0xed, 0xc9, 
    0xcf, 0xbb, 0xf2, 0xbf, 0xe6, 0xd7, 0xc5, 0xb5, 0xb6, 0xa3, 0xac, 0xbb, 0xf2, 0xb1, 0xb3, 0xd7, 
    0xc5, 0xbd, 0xa3, 0xa3, 0xac, 0xc5, 0xbc, 0xb6, 0xfb, 0xd2, 0xbb, 0xd0, 0xa9, 0xb3, 0xe0, 0xca, 
    0xd6, 0xbf, 0xd5, 0xc8, 0xad, 0xb5, 0xc4, 0xc8, 0xcb, 0xd1, 0xfc, 0xbc, 0xe4, 0xd2, 0xb2, 0xb9, 
    0xc4, 0xb9, 0xc4, 0xc4, 0xd2, 0xc4, 0xd2, 0xb5, 0xc4, 0xa3, 0xac, 0xb2, 0xbb, 0xd6, 0xaa, 0xb4, 
    0xa7, 0xd7, 0xc5, 0xca, 0xb2, 0xc3, 0xb4, 0xb6, 0xab, 0xce, 0xf7, 0xa3, 0xac, 0xb4, 0xd3, 0xd0, 
    0xd0, 0xce, 0xaa, 0xbe, 0xd9, 0xd6, 0xb9, 0xc9, 0xcf, 0xa3, 0xac, 0xbf, 0xc9, 0xd2, 0xd4, 0xbf, 
    0xb4, 0xb3, 0xf6, 0xd5, 0xe2, 0xd0, 0xa9, 0xc8, 0xcb, 0xc9, 0xed, 0xca, 0xd6, 0xbd, 0xc3, 0xbd, 
    0xa1, 0xa3, 0xac, 0xb6, 0xbc, 0xd3, 0xd0, 0xd2, 0xbb, 0xc9, 0xed, 0xb2, 0xbb, 0xb4, 0xed, 0xb5, 
    0xc4, 0xb9, 0xa6, 0xb7, 0xf2, 0xd4, 0xda, 0xc9, 0xed, 0xa1, 0xa3, 0x0a, 0xa1, 0xa1, 0xa1, 0xa1, 
    0xba, 0xab, 0xc1, 0xa2, 0xb5, 0xc8, 0xc8, 0xcb, 0xb1, 0xbb, 0xb4, 0xf8, 0xb5, 0xbd, 0xd2, 0xbb, 
    0xd7, 0xf9, 0xbd, 0xcf, 0xb0, 0xab, 0xb5, 0xc4, 0xc9, 0xbd, 0xb7, 0xe5, 0xc9, 0xcf, 0xa3, 0xac, 
    0xc9, 0xbd, 0xb6, 0xa5, 0xd3, 0xd0, 0xd2, 0xbb, 0xc6, 0xac, 0xcd, 0xc1, 0xb7, 0xbf, 0xa3, 0xac, 
    0xd4, 0xda, 0xd5, 0xe2, 0xc0, 0xef, 0xba, 0xab, 0xc1, 0xa2, 0xb5, 0xc8, 0xc8, 0xcb, 0xd7, 0xa1, 
    0xc1, 0xcb, 0xd2, 0xbb, 0xcb, 0xde, 0xa1, 0xa3, 0xd4, 0xda, 0xcd, 0xed, 0xc9, 0xcf, 0xb5, 0xc4, 
    0xcb, 0xaf, 0xc3, 0xce, 0xd6, 0xd0, 0xa3, 0xac, 0xba, 0xab, 0xc1, 0xa2, 0xd4, 0xda, 0xc3, 0xce, 
    0xc0, 0xef, 0xc3, 0xce, 0xb5, 0xbd, 0xd7, 0xd4, 0xbc, 0xba, 0xc9, 0xed, 0xb4, 0xa9, 0xbd, 0xf5, 
    0xd2, 0xc2, 0xa3, 0xac, 0xca, 0xd6, 0xc4, 0xc3, 0xbd, 0xf0, 0xbd, 0xa3, 0xa3, 0xac, 0xc9, 0xed, 
    0xbb, 0xb3, 0xbe, 0xf8, 0xca, 0xc0, 0xce, 0xe4, 0xb9, 0xa6, 0xa3, 0xac, 0xb0, 0xd1, 0xb4, 0xe5, 
    0xc0, 0xef, 0xd7, 0xd4, 0xbc, 0xba, 0xd2, 0xbb, 0xd6, 0xb1, 0xb6, 0xbc, 0xb4, 0xf2, 0xb2, 0xbb, 
    0xb9, 0xfd, 0xb5, 0xc4, 0xcc, 0xfa, 0xbd, 0xb3, 0xb6, 0xf9, 0xd7, 0xd3, 0xcd, 0xb4, 0xb4, 0xf2, 
    0xc1, 0xcb, 0xd2, 0xbb, 0xb6, 0xd9, 0xa3, 0xac, 0xba, 0xc3, 0xb2, 0xbb, 0xcd, 0xfe, 0xb7, 0xe7, 
    0xa3, 0xac, 0xd6, 0xb1, 0xb5, 0xbd, 0xb5, 0xda, 0xb6, 0xfe, 0xcc, 0xec, 0xd4, 0xe7, 0xc9, 0xcf, 
    0xc6, 0xf0, 0xc0, 0xb4, 0xc8, 0xd4, 0xbb, 0xd8, 0xce, 0xb6, 0xb2, 0xbb, 0xd2, 0xd1, 0xa1, 0xa3, 
    0x0a, 0xa1, 0xa1, 0xa1, 0xa1, 0xd4, 0xe7, 0xc9, 0xcf, 0xc6, 0xf0, 0xc0, 0xb4, 0xba, 0xf3, 0xa3, 
    0xac, 0xcd, 0xf5, 0xbb, 0xa4, 0xb7, 0xa8, 0xb2, 0xa2, 0xc3, 0xbb, 0xd3, 0xd0, 0xc8, 0xc3, 0xb4, 
    0xf3, 0xbc, 0xd2, 0xb3, 0xd4, 0xd4, 0xe7, 0xb7, 0xb9, 0xa3, 0xac, 0xd6, 0xb1, 0xbd, 0xd3, 0xb0, 
    0xd1, 0xd6, 0xda, 0xc8, 0xcb, 0xb4, 0xf8, 0xb5, 0xbd, 0xc9, 0xbd, 0xcf, 0xc2, 0xb5, 0xc4, 0xd2, 
    0xbb, 0xb4, 0xf3, 0xc6, 0xac, 0xd6, 0xd6, 0xc2, 0xfa, 0xd6, 0xf1, 0xd7, 0xd3, 0xb5, 0xc4, 0xd0, 
    0xb1, 0xc6, 0xc2, 0xb8, 0xfa, 0xc7, 0xb0, 0xa1, 0xa3, 0xd4, 0xda, 0xc4, 0xc7, 0xc0, 0xef, 0xa3, 
    0xac, 0xd7, 0xf2, 0xcc, 0xec, 0xd2, 0xd1, 0xbc, 0xfb, 0xb9, 0xfd, 0xb5, 0xc4, 0xd4, 0xc0, 0xd0, 
    0xd5, 0xcc, 0xc3, 0xd6, 0xf7, 0xba, 0xcd, 0xc6, 0xe4, 0xcb, 0xfb, 0xbc, 0xb8, 0xce, 0xbb, 0xb2, 
    0xbb, 0xc8, 0xcf, 0xca, 0xb6, 0xb5, 0xc4, 0xc4, 0xea, 0xc7, 0xe1, 0xc8, 0xcb, 0xd2, 0xd1, 0xb5, 
    0xc8, 0xd4, 0xda, 0xc4, 0xc7, 0xc0, 0xef, 0xa1, 0xa3, 0x0a, 0x0a, 0x0a, 0xb5, 0xda, 0xcb, 0xc4, 
    0xd5, 0xc2, 0x20, 0xc1, 0xb6, 0xb9, 0xc7, 0xd1, 0xc2, 0x0a, 0xa1, 0xa1, 0xa1, 0xa1, 0xd4, 0xc0, 
    0xcc, 0xc3, 0xd6, 0xf7, 0xd5, 0xbe, 0xd4, 0xda, 0xd6, 0xda, 0xc8, 0xcb, 0xd6, 0xae, 0xc7, 0xb0, 
    0xb4, 0xf3, 0xc9, 0xf9, 0xcb, 0xb5, 0xb5, 0xc0, 0xa3, 0xba, 0xa1, 0xb0, 0xb4, 0xf3, 0xbc, 0xd2, 
    0xcc, 0xfd, 0xba, 0xc3, 0xa3, 0xac, 0xb4, 0xd3, 0xd6, 0xf1, 0xc1, 0xd6, 0xd6, 0xd0, 0xb5, 0xc4, 
    0xd0, 0xa1, 0xc2, 0xb7, 0xcd, 0xf9, 0xc7, 0xb0, 0xd7, 0xdf, 0xa3, 0xac, 0xbf, 0xc9, 0xd2, 0xd4, 
    0xb5, 0xbd, 0xb4, 0xef, 0xc6, 0xdf, 0xd0, 0xfe, 0xc3, 0xc5, 0xb5, 0xc4, 0xc1, 0xb6, 0xb9, 0xc7, 
    0xd1, 0xc2, 0xa3, 0xac, 0xb5, 0xda, 0xd2, 0xbb, 0xb6, 0xce, 0xc2, 0xb7, 0xca, 0xc7, 0xd6, 0xf1, 
    0xc1, 0xd6, 0xb5, 0xd8, 0xb6, 0xce, 0xa3, 0xac, 0xd4, 0xd9, 0xc0, 0xb4, 0xca, 0xc7, 0xd1, 0xd2, 
    0xb1, 0xda, 0xb5, 0xd8, 0xb4, 0xf8, 0xa3, 0xac, 0xd7, 0xee, 0xba, 0xf3, 0xca, 0xc7, 0xd2, 0xbb, 
    0xb8, 0xf6, 0xc9, 0xbd, 0xd1, 0xc2, 0xa3, 0xac, 0xc4, 0xdc, 0xb5, 0xbd, 0xd1, 0xc2, 0xb6, 0xa5, 
    0xb5, 0xc4, 0xb2, 0xc5, 0xc4, 0xdc, 0xbd, 0xf8, 0xc8, 0xeb, 0xc6, 0xdf, 0xd0, 0xfe, 0xc3, 0xc5, 
    0xa1, 0xa3, 0xd2, 0xaa, 0xca, 0xc7, 0xd5, 0xfd, 0xce, 0xe7, 0xc7, 0xb0, 0xce, 0xde, 0xb7, 0xa8, 
    0xb5, 0xbd, 0xb4, 0xef, 0xa3, 0xac, 0xcb, 0xe4, 0xc8, 0xbb, 0xb2, 0xbb, 0xc4, 0xdc, 0xb3, 0xc9, 
    0xce, 0xaa, 0xd5, 0xfd, 0xca, 0xbd, 0xb5, 0xdc, 0xd7, 0xd3, 0xa3, 0xac, 0xb5, 0xab, 0xd2, 0xaa, 
    0xca, 0xc7, 0xb1, 0xed, 0xcf, 0xd6, 0xd3, 0xd0, 0xbf, 0xc9, 0xc8, 0xa6, 0xbf, 0xc9, 0xb5, 0xe3, 
    0xd6, 0xae, 0xb4, 0xa6, 0xa3, 0xac, 0xbf, 0xc9, 0xd2, 0xd4, 0xca, 0xd5, 0xce, 0xaa, 0xbc, 0xc7, 
    0xc3, 0xfb, 0xb5, 0xdc, 0xd7, 0xd3, 0xa1, 0xa3, 0xa1, 0xb1, 0x0a, 0xa1, 0xa1, 0xa1, 0xa1, 0xba, 
    0xab, 0xc1, 0xa2, 0xd7, 0xd4, 0xc8, 0xbb, 0xb2, 0xbb, 0xc3, 0xf7, 0xa1, 0xb0, 0xbc, 0xc7, 0xc3, 
    0xfb, 0xb5, 0xdc, 0xd7, 0xd3, 0xa1, 0xb1, 0xb5, 0xc4, 0xba, 0xac, 0xd2, 0xe5, 0xa3, 0xac, 0xd6, 
    0xbb, 0xd6, 0xaa, 0xb5, 0xc0, 0xb7, 0xb4, 0xd5, 0xfd, 0xd2, 0xaa, 0xcd, 0xf9, 0xc7, 0xb0, 0xd7, 
    0xdf, 0xa1, 0xa2, 0xd2, 0xaa, 0xc5, 0xc0, 0xc9, 0xbd, 0xbe, 0xcd, 0xca, 0xc7, 0xc1, 0xcb, 0xa3, 
    0xac, 0xcf, 0xf2, 0xc7, 0xb0, 0xcc, 0xf7, 0xcd, 0xfb, 0xc1, 0xcb, 0xd2, 0xbb, 0xd1, 0xdb, 0xa3, 
    0xac, 0xca, 0xc7, 0xd2, 0xbb, 0xc3, 0xe6, 0xb2, 0xbb, 0xcb, 0xe3, 0xb6, 0xb8, 0xc7, 0xcd, 0xb5, 
    0xc4, 0xc9, 0xbd, 0xc6, 0xc2, 0xa3, 0xac, 0xd0, 0xed, 0xb6, 0xe0, 0xb8, 0xf9, 0xb4, 0xd6, 0xcf, 
    0xb8, 0xb2, 0xbb, 0xd2, 0xbb, 0xb5, 0xc4, 0xb3, 0xa4, 0xd6, 0xf1, 0xb3, 0xa4, 0xd4, 0xda, 0xc6, 
    0xc2, 0xc9, 0xcf, 0xa3, 0xac, 0xcb, 0xc6, 0xba, 0xf5, 0xc3, 0xbb, 0xd3, 0xd0, 0xb6, 0xe0, 0xc4, 
    0xd1, 0xc5, 0xc0, 0xb0, 0xa1, 0xa3, 0xa1, 0x0a, 0xa1, 0xa1, 0xa1, 0xa1, 0xba, 0xab, 0xc1, 0xa2, 
    0xcd, 0xfb, 0xc1, 0xcb, 0xcd, 0xfb, 0xc6, 0xe4, 0xcb, 0xfb, 0xc8, 0xcb, 0xa3, 0xac, 0xcb, 0xfb, 
    0xbf, 0xc9, 0xb2, 0xbb, 0xd4, 0xb8, 0xca, 0xe4, 0xb8, 0xf8, 0xcd, 0xac, 0xc1, 0xe4, 0xc8, 0xcb, 
    0xa3, 0xac, 0xc6, 0xe4, 0xcb, 0xfb, 0xba, 0xa2, 0xcd, 0xaf, 0xd6, 0xae, 0xbc, 0xe4, 0xa3, 0xac, 
    0xc6, 0xf8, 0xb7, 0xd5, 0xd2, 0xb2, 0xcd, 0xbb, 0xc8, 0xbb, 0xb1, 0xe4, 0xb5, 0xc3, 0xbd, 0xf4, 
    0xd5, 0xc5, 0xc6, 0xf0, 0xc0, 0xb4, 0xa1, 0xa3, 0x0a, 0xa1, 0xa1, 0xa1, 0xa1, 0xd4, 0xc0, 0xcc, 
    0xc3, 0xd6, 0xf7, 0xcd, 0xfb, 0xc1, 0xcb, 0xcd, 0xfb, 0xc8, 0xd5, 0xb3, 0xf6, 0xb5, 0xc4, 0xcc, 
    0xab, 0xd1, 0xf4, 0xcb, 0xb5, 0xb5, 0xc0, 0xa3, 0xba, 0xa1, 0xb0, 0xca, 0xb1, 0xba, 0xf2, 0xb2, 
    0xee, 0xb2, 0xbb, 0xb6, 0xe0, 0xc1, 0xcb, 0xa3, 0xac, 0xd7, 0xbc, 0xb1, 0xb8, 0xb3, 0xf6, 0xb7, 
    0xa2, 0xb0, 0xc9, 0xa3, 0xa1, 0xb2, 0xbb, 0xd2, 0xaa, 0xba, 0xa6, 0xc5, 0xc2, 0xa3, 0xac, 0xca, 
    0xa6, 0xd0, 0xd6, 0xc3, 0xc7, 0xbb, 0xe1, 0xd4, 0xda, 0xba, 0xf3, 0xc3, 0xe6, 0xbb, 0xa4, 0xd7, 
    0xa1, 0xc4, 0xe3, 0xc3, 0xc7, 0xb5, 0xc4, 0xa3, 0xac, 0xb2, 0xbb, 0xbb, 0xe1, 0xc8, 0xc3, 0xc4, 
    0xe3, 0xc3, 0xc7, 0xb3, 0xf6, 0xce, 0xa3, 0xcf, 0xd5, 0xb5, 0xc4, 0xa1, 0xa3, 0xa1, 0xb1, 0x0a, 
    0xa1, 0xa1, 0xa1, 0xa1, 0xba, 0xab, 0xc1, 0xa2, 0xbb, 0xd8, 0xcd, 0xb7, 0xcd, 0xfb, 0xc1, 0xcb, 
    0xcd, 0xfb, 0xc9, 0xed, 0xba, 0xf3, 0xc4, 0xc7, 0xd0, 0xa9, 0xc7, 0xe0, 0xc4, 0xea, 0xc8, 0xcb, 
    0xa3, 0xac, 0xd4, 0xad, 0xc0, 0xb4, 0xd5, 0xe2, 0xd0, 0xa9, 0xc8, 0xcb, 0xbd, 0xd0, 0xd7, 0xf6, 
    0xca, 0xa6, 0xd0, 0xd6, 0xa3, 0xac, 0xb4, 0xf3, 0xb8, 0xc5, 0xbe, 0xcd, 0xca, 0xc7, 0xd2, 0xd4, 
    0xc7, 0xb0, 0xca, 0xd5, 0xb5, 0xc4, 0xb5, 0xdc, 0xd7, 0xd3, 0xa3, 0xac, 0xd7, 0xd4, 0xbc, 0xba, 
    0xc8, 0xf4, 0xca, 0xc7, 0xd2, 0xb2, 0xbc, 0xd3, 0xc8, 0xeb, 0xc1, 0xcb, 0xa3, 0xac, 0xca, 0xc7, 
    0xb2, 0xbb, 0xca, 0xc7, 0xbf, 0xc9, 0xd2, 0xd4, 0xb4, 0xa9, 0xcd, 0xac, 0xd1, 0xf9, 0xc9, 0xf1, 
    0xc6, 0xf8, 0xb5, 0xc4, 0xd2, 0xc2, 0xb7, 0xfe, 0xa3, 0xa1, 0x0a, 0xa1, 0xa1, 0xa1, 0xa1, 0xd5, 
    0xfd, 0xd4, 0xda, 0xcf, 0xb9, 0xd7, 0xc1, 0xc4, 0xa5, 0xd6, 0xae, 0xca, 0xb1, 0xa3, 0xac, 0xba, 
    0xab, 0xc1, 0xa2, 0xb7, 0xa2, 0xcf, 0xd6, 0xa3, 0xac, 0xc6, 0xe4, 0xd3, 0xe0, 0xb5, 0xc4, 0xba, 
    0xa2, 0xcd, 0xaf, 0xb6, 0xbc, 0xd2, 0xd1, 0xb3, 0xe5, 0xbd, 0xf8, 0xc1, 0xcb, 0xd6, 0xf1, 0xc1, 
    0xd6, 0xa3, 0xac, 0xbc, 0xfb, 0xb4, 0xcb, 0xc7, 0xe9, 0xbe, 0xb0, 0xa3, 0xac, 0xcb, 0xfb, 0xc1, 
    0xac, 0xc3, 0xa6, 0xbd, 0xf4, 0xb8, 0xfa, 0xb6, 0xf8, 0xc8, 0xa5, 0xa1, 0xa3, 0x0a, 0xa1, 0xa1, 
    0xa1, 0xa1, 0xd6, 0xf1, 0xc1, 0xd6, 0xd3, 0xa6, 0xb8, 0xc3, 0xb7, 0xc7, 0xb3, 0xa3, 0xbf, 0xed, 
    0xb9, 0xe3, 0xa3, 0xac, 0xc8, 0xfd, 0xca, 0xae, 0xd3, 0xe0, 0xc3, 0xfb, 0xba, 0xa2, 0xcd, 0xaf, 
    0xa3, 0xac, 0xd2, 0xbb, 0xb3, 0xe5, 0xbd, 0xf8, 0xd6, 0xf1, 0xc1, 0xd6, 0xbe, 0xcd, 0xc1, 0xa2, 
    0xbc, 0xb4, 0xc9, 0xa2, 0xc1, 0xcb, 0xbf, 0xaa, 0xc0, 0xb4, 0xa1, 0xa3, 0xba, 0xab, 0xc1, 0xa2, 
    0xb5, 0xc4, 0xc9, 0xed, 0xba, 0xf3, 0xbd, 0xf4, 0xcb, 0xe6, 0xd7, 0xc5, 0xd2, 0xbb, 0xce, 0xbb, 
    0xca, 0xdd, 0xb3, 0xa4, 0xb5, 0xc4, 0xca, 0xa6, 0xd0, 0xd6, 0xa3, 0xac, 0xd5, 0xe2, 0xc8, 0xcb, 
    0xc0, 0xe4, 0xd7, 0xc5, 0xc1, 0xb3, 0xbf, 0xd7, 0xa3, 0xac, 0xd2, 0xbb, 0xd1, 0xd4, 0xb2, 0xbb, 
    0xb7, 0xa2, 0xb5, 0xc4, 0xbd, 0xf4, 0xcb, 0xe6, 0xcb, 0xfb, 0xc9, 0xed, 0xba, 0xf3, 0xa1, 0xa3, 
    0xba, 0xab, 0xc1, 0xa2, 0xd3, 0xd0, 0xb5, 0xe3, 0xba, 0xa6, 0xc5, 0xc2, 0xa3, 0xac, 0xb2, 0xbb, 
    0xb8, 0xd2, 0xd3, 0xeb, 0xc6, 0xe4, 0xcb, 0xb5, 0xbb, 0xb0, 0xa3, 0xac, 0xd6, 0xbb, 0xca, 0xc7, 
    0xcc, 0xa7, 0xc6, 0xf0, 0xbd, 0xc5, 0xb2, 0xbd, 0xa3, 0xac, 0xb5, 0xcd, 0xd7, 0xc5, 0xc9, 0xed, 
    0xd7, 0xd3, 0xa3, 0xac, 0xc2, 0xfd, 0xc2, 0xfd, 0xb5, 0xc4, 0xd1, 0xd8, 0xd7, 0xc5, 0xd0, 0xb1, 
    0xc6, 0xc2, 0xa3, 0xac, 0xcf, 0xf2, 0xc7, 0xb0, 0xc2, 0xf5, 0xbd, 0xf8, 0xa1, 0xa3, 0x0a, 0xa1, 
    0xa1, 0xa1, 0xa1, 0xd5, 0xe2, 0xc6, 0xac, 0xd6, 0xf1, 0xc1, 0xd6, 0xbf, 0xb4, 0xc6, 0xf0, 0xc0, 
    0xb4, 0xb2, 0xbb, 0xd4, 0xf5, 0xd1, 0xf9, 0xa3, 0xac, 0xb5, 0xab, 0xca, 0xc7, 0xd7, 0xdf, 0xb5, 
    0xc3, 0xca, 0xb1, 0xbc, 0xe4, 0xb3, 0xa4, 0xc1, 0xcb, 0xbe, 0xcd, 0xbe, 0xf5, 0xb5, 0xc3, 0xd0, 
    0xc1, 0xbf, 0xe0, 0xc1, 0xcb, 0xa3, 0xac, 0xcd, 0xc8, 0xd7, 0xdf, 0xd7, 0xc5, 0xd7, 0xdf, 0xd7, 
    0xc5, 0xd4, 0xbd, 0xc0, 0xb4, 0xd4, 0xbd, 0xd6, 0xd8, 0xa3, 0xac, 0xbd, 0xa5, 0xbd, 0xa5, 0xb5, 
    0xd8, 0xba, 0xab, 0xc1, 0xa2, 0xb1, 0xd8, 0xd0, 0xeb, 0xd3, 0xc3, 0xd2, 0xbb, 0xd6, 0xbb, 0xca, 
    0xd6, 0xc9, 0xd4, 0xce, 0xa2, 0xc0, 0xad, 0xd7, 0xc5, 0xd6, 0xf1, 0xd7, 0xd3, 0xb5, 0xc4, 0xbe, 
    0xa5, 0xb8, 0xd1, 0xcf, 0xf2, 0xc7, 0xb0, 0xd2, 0xc6, 0xb6, 0xaf, 0xa3, 0xac, 0xba, 0xc3, 0xc9, 
    0xd9, 0xb7, 0xd1, 0xd0, 0xa9, 0xc1, 0xa6, 0xc6, 0xf8, 0xa1, 0xa3, 0x0a, 0xa1, 0xa1, 0xa1, 0xa1, 
    0xd5, 0xe2, 0xd1, 0xf9, 0xbc, 0xe1, 0xb3, 0xd6, 0xc1, 0xcb, 0xba, 0xc3, 0xb3, 0xa4, 0xca, 0xb1, 
    0xbc, 0xe4, 0xa3, 0xac, 0xba, 0xab, 0xc1, 0xa2, 0xca, 0xb5, 0xd4, 0xda, 0xc0, 0xdb, 0xb5, 0xc3, 
    0xb9, 0xbb, 0xc7, 0xba, 0xa3, 0xac, 0xd6, 0xbb, 0xba, 0xc3, 0xcb, 0xe6, 0xb1, 0xe3, 0xd5, 0xd2, 
    0xb8, 0xf6, 0xcd, 0xc1, 0xb6, 0xd1, 0xd2, 0xbb, 0xc6, 0xa8, 0xb9, 0xc9, 0xd7, 0xf8, 0xc1, 0xcb, 
    0xcf, 0xc2, 0xc0, 0xb4, 0xa3, 0xac, 0xc8, 0xbb, 0xba, 0xf3, 0xb2, 0xbb, 0xcd, 0xa3, 0xb5, 0xd8, 
    0xb4, 0xad, 0xcf, 0xa2, 0xd7, 0xc5, 0xa1, 0xa3, 0x0a, 0xa1, 0xa1, 0xa1, 0xa1, 0xba, 0xab, 0xc1, 
    0xa2, 0xb3, 0xe9, 0xbf, 0xd5, 0xa3, 0xac, 0xbb, 0xd8, 0xcd, 0xb7, 0xcd, 0xfb, 0xc1, 0xcb, 0xd2, 
    0xbb, 0xd1, 0xdb, 0xca, 0xdd, 0xb3, 0xa4, 0xb5, 0xc4, 0xca, 0xa6, 0xd0, 0xd6, 0xa3, 0xac, 0xcb, 
    0xe4, 0xc8, 0xbb, 0xb5, 0xd8, 0xc3, 0xe6, 0xb6, 0xb8, 0xc7, 0xcd, 0xb5, 0xc4, 0xba, 0xdc, 0xc0, 
    0xf7, 0xba, 0xa6, 0xa3, 0xac, 0xd5, 0xe2, 0xce, 0xbb, 0xca, 0xa6, 0xd0, 0xd6, 0xbe, 0xd3, 0xc8, 
    0xbb, 0xc8, 0xd4, 0xc8, 0xbb, 0xb6, 0xaf, 0xd2, 0xb2, 0xb2, 0xbb, 0xb6, 0xaf, 0xb5, 0xc4, 0xd5, 
    0xbe, 0xd7, 0xc5, 0xa3, 0xac, 0xc9, 0xed, 0xc9, 0xcf, 0xd2, 0xbb, 0xcb, 0xbf, 0xbb, 0xd2, 0xb3, 
    0xbe, 0xb6, 0xbc, 0xba, 0xc3, 0xcf, 0xf1, 0xc3, 0xbb, 0xd5, 0xb4, 0xc9, 0xcf, 0xa3, 0xac, 0xd3, 
    0xeb, 0xc4, 0xc7, 0xd0, 0xa9, 0xd6, 0xf1, 0xd7, 0xd3, 0xd2, 0xbb, 0xd1, 0xf9, 0xb5, 0xc4, 0xcd, 
    0xa6, 0xb0, 0xce, 0xa3, 0xac, 0xd5, 0xfd, 0xd4, 0xda, 0xd7, 0xd4, 0xbc, 0xba, 0xcf, 0xc2, 0xc3, 
    0xe6, 0xb2, 0xbb, 0xd4, 0xb6, 0xb4, 0xa6, 0xbe, 0xb2, 0xbe, 0xb2, 0xb5, 0xd8, 0xcd, 0xfb, 0xd7, 
    0xc5, 0xd7, 0xd4, 0xbc, 0xba, 0xa1, 0xa3, 0x0a, 0xa1, 0xa1, 0xa1, 0xa1, 0xba, 0xab, 0xc1, 0xa2, 
    0xbf, 0xb4, 0xb5, 0xbd, 0xca, 0xa6, 0xd0, 0xd6, 0xc0, 0xe4, 0xc0, 0xe4, 0xb5, 0xc4, 0xc4, 0xbf, 
    0xb9, 0xe2, 0xa3, 0xac, 0xd0, 0xc4, 0xd6, 0xd0, 0xd3, 0xd6, 0xd3, 0xd0, 0xd0, 0xa9, 0xba, 0xa6, 
    0xc5, 0xc2, 0xa3, 0xac, 0xc3, 0xa6, 0xb0, 0xd1, 0xcd, 0xb7, 0xd7, 0xaa, 0xc1, 0xcb, 0xbb, 0xd8, 
    0xc0, 0xb4, 0xa3, 0xac, 0xd3, 0xd6, 0xcc, 0xfd, 0xd5, 0xf3, 0xd5, 0xf3, 0xb5, 0xc4, 0xb4, 0xad, 
    0xc6, 0xf8, 0xc9, 0xf9, 0xb2, 0xbb, 0xb6, 0xcf, 0xb4, 0xd3, 0xc7, 0xb0, 0xc3, 0xe6, 0xb4, 0xab, 
    0xc0, 0xb4, 0xa3, 0xac, 0xd6, 0xaa, 0xb5, 0xc0, 0xca, 0xc7, 0xc7, 0xb0, 0xc3, 0xe6, 0xd3, 0xd0, 
    0xc5, 0xc0, 0xb5, 0xc4, 0xb1, 0xc8, 0xd7, 0xd4, 0xbc, 0xba, 0xbf, 0xec, 0xb5, 0xc4, 0xc8, 0xcb, 
    0xd2, 0xb2, 0xd4, 0xda, 0xd0, 0xdd, 0xcf, 0xa2, 0xa3, 0xac, 0xba, 0xab, 0xc1, 0xa2, 0xd4, 0xd9, 
    0xc9, 0xd4, 0xce, 0xa2, 0xd4, 0xda, 0xd4, 0xad, 0xb5, 0xd8, 0xb4, 0xf4, 0xc1, 0xcb, 0xd2, 0xbb, 
    0xbb, 0xe1, 0xa3, 0xac, 0xbe, 0xcd, 0xb4, 0xd2, 0xc3, 0xa6, 0xb5, 0xc4, 0xcd, 0xf9, 0xc7, 0xb0, 
    0xb8, 0xcf, 0xa1, 0xa3, 0x0a, 0xa1, 0xa1, 0xa1, 0xa1, 0xc6, 0xc2, 0xc3, 0xe6, 0xc7, 0xe3, 0xd0, 
    0xb1, 0xb5, 0xc4, 0xb8, 0xfc, 0xc0, 0xf7, 0xba, 0xa6, 0xc1, 0xcb, 0xa3, 0xac, 0xba, 0xab, 0xc1, 
    0xa2, 0xbb, 0xeb, 0xc9, 0xed, 0xb5, 0xc4, 0xc1, 0xa6, 0xc6, 0xf8, 0xd2, 0xb2, 0xd4, 0xbd, 0xc0, 
    0xb4, 0xd4, 0xbd, 0xd0, 0xa1, 0xa3, 0xac, 0xce, 0xaa, 0xc1, 0xcb, 0xb2, 0xbb, 0xbb, 0xe1, 0xd7, 
    0xdf, 0xd7, 0xc5, 0xd7, 0xdf, 0xd7, 0xc5, 0xbe, 0xcd, 0xd5, 0xbe, 0xc1, 0xa2, 0xb2, 0xbb, 0xd7, 
    0xa1, 0xa3, 0xac, 0xba, 0xab, 0xc1, 0xa2, 0xd6, 0xbb, 0xc4, 0xdc, 0xb9, 0xaa, 0xcf, 0xc2, 0xd1, 
    0xfc, 0xa3, 0xac, 0xca, 0xd6, 0xd7, 0xe3, 0xb2, 0xa2, 0xd0, 0xd0, 0xa3, 0xac, 0xd7, 0xdc, 0xcb, 
    0xe3, 0xc9, 0xed, 0xc9, 0xcf, 0xb5, 0xc4, 0xd2, 0xc2, 0xb7, 0xfe, 0xb9, 0xbb, 0xbd, 0xe1, 0xca, 
    0xb5, 0xa3, 0xac, 0xb2, 0xbb, 0xc8, 0xbb, 0xcb, 0xc4, 0xd6, 0xab, 0xb5, 0xc4, 0xb9, 0xd8, 0xbd, 
    0xda, 0xcf, 0xa5, 0xb8, 0xc7, 0xb4, 0xa6, 0xbe, 0xcd, 0xbb, 0xe1, 0xb1, 0xbb, 0xc4, 0xa5, 0xc6, 
    0xc6, 0xa1, 0xa3, 0x0a, 0xa1, 0xa1, 0xa1, 0xa1, 0xd6, 0xd5, 0xd3, 0xda, 0xbf, 0xec, 0xd7, 0xdf, 
    0xb3, 0xf6, 0xd5, 0xe2, 0xc6, 0xac, 0xc3, 0xaf, 0xc3, 0xdc, 0xb5, 0xc4, 0xd6, 0xf1, 0xc1, 0xd6, 
    0xc1, 0xcb, 0xa3, 0xac, 0xba, 0xab, 0xc1, 0xa2, 0xc8, 0xb4, 0xd6, 0xbb, 0xbe, 0xf5, 0xb5, 0xc3, 
    0xd5, 0xe2, 0xd7, 0xee, 0xba, 0xf3, 0xd2, 0xbb, 0xb5, 0xe3, 0xc2, 0xb7, 0xd4, 0xbd, 0xc0, 0xb4, 
    0xd4, 0xbd, 0xc4, 0xd1, 0xd7, 0xdf, 0xa3, 0xac, 0xb5, 0xd8, 0xc3, 0xe6, 0xb5, 0xc4, 0xd1, 0xd2, 
    0xca, 0xaf, 0xbd, 0xa5, 0xbd, 0xa5, 0xb5, 0xd8, 0xb6, 0xe0, 0xc6, 0xf0, 0xc0, 0xb4, 0xa3, 0xac, 
    0xcf, 0xe0, 0xb7, 0xb4, 0xd6, 0xf1, 0xd7, 0xd3, 0xc8, 0xb4, 0xd4, 0xbd, 0xc0, 0xb4, 0xd4, 0xbd, 
    0xc9, 0xd9, 0xa1, 0xa3, 0x0a, 0xa1, 0xa1, 0xa1, 0xa1, 0xba, 0xab, 0xc1, 0xa2, 0xd6, 0xd5, 0xd3, 
    0xda, 0xd4, 0xd9, 0xd2, 0xb2, 0xb2, 0xbb, 0xc4, 0xdc, 0xc0, 0xad, 0xd7, 0xc5, 0xd6, 0xf1, 0xb8, 
    0xcd, 0xc7, 0xb0, 0xbd, 0xf8, 0xc1, 0xcb, 0xa3, 0xac, 0xd5, 0xe2, 0xd7, 0xee, 0xba, 0xf3, 0xb5, 
    0xc4, 0xc2, 0xb7, 0xb3, 0xcc, 0xbf, 0xc9, 0xd2, 0xd4, 0xcb, 0xe3, 0xca, 0xc7, 0xd2, 0xbb, 0xb2, 
    0xbd, 0xb2, 0xbd, 0xb5, 0xc4, 0xc5, 0xb2, 0xb9, 0xfd, 0xc8, 0xa5, 0xb5, 0xc4, 0xa1, 0xa3, 0x0a, 
    0xa1, 0xa1, 0xa1, 0xa1, 0xd2, 0xbb, 0xd7, 0xdf, 0xb3, 0xf6, 0xd6, 0xf1, 0xc1, 0xd6, 0xa3, 0xac, 
    0xd6, 0xbb, 0xbc, 0xfb, 0xd1, 0xdb, 0xc7, 0xb0, 0xd2, 0xbb, 0xd5, 0xf3, 0xbf, 0xed, 0xb9, 0xe3, 
    0xa3, 0xac, 0xd5, 0xfd, 0xc7, 0xb0, 0xb7, 0xbd, 0xca, 0xc7, 0xd2, 0xbb, 0xbf, 0xe9, 0xbe, 0xde, 
    0xb4, 0xf3, 0xce, 0xde, 0xb1, 0xc8, 0xb5, 0xc4, 0xc9, 0xbd, 0xca, 0xaf, 0xa3, 0xac, 0xc9, 0xcf, 
    0xc3, 0xe6, 0xd2, 0xd1, 0xbe, 0xad, 0xd3, 0xd0, 0xc1, 0xcb, 0xbc, 0xb8, 0xb8, 0xf6, 0xca, 0xdd, 
    0xd0, 0xa1, 0xb5, 0xc4, 0xc9, 0xed, 0xc7, 0xfb, 0xa3, 0xac, 0xd5, 0xfd, 0xc2, 0xfd, 0xcc, 0xda, 
    0xcc, 0xda, 0xb5, 0xc4, 0xcf, 0xf2, 0xc9, 0xcf, 0xc5, 0xca, 0xc5, 0xc0, 0xa3, 0xac, 0xd4, 0xda, 
    0xcb, 0xfb, 0xc3, 0xc7, 0xc9, 0xed, 0xba, 0xf3, 0xd2, 0xb2, 0xb6, 0xbc, 0xb8, 0xfa, 0xd7, 0xc5, 
    0xd2, 0xbb, 0xb8, 0xf6, 0xb8, 0xf6, 0xd2, 0xc2, 0xb7, 0xfe, 0xb4, 0xf2, 0xb0, 0xe7, 0xd2, 0xbb, 
    0xd1, 0xf9, 0xb5, 0xc4, 0xca, 0xa6, 0xd0, 0xd6, 0xa3, 0xac, 0xba, 0xab, 0xc1, 0xa2, 0xb5, 0xb1, 
    0xcf, 0xc2, 0xb2, 0xbb, 0xd4, 0xd9, 0xd3, 0xcc, 0xd4, 0xa5, 0xa3, 0xac, 0xbc, 0xb1, 0xc3, 0xa6, 
    0xcd, 0xf9, 0xc7, 0xb0, 0xb7, 0xbd, 0xb5, 0xc4, 0xca, 0xaf, 0xb1, 0xda, 0xc5, 0xdc, 0xc8, 0xa5, 
    0xa1, 0xa3, 0x0a, 0xa1, 0xa1, 0xa1, 0xa1, 0xd5, 0xe2, 0xbf, 0xe9, 0xbe, 0xde, 0xca, 0xaf, 0xb5, 
    0xc4, 0xca, 0xaf, 0xb1, 0xda, 0xca, 0xc7, 0xd2, 0xbb, 0xc6, 0xac, 0xc6, 0xac, 0xa1, 0xa2, 0xd2, 
    0xbb, 0xb2, 0xe3, 0xb2, 0xe3, 0xb5, 0xc4, 0xb5, 0xfe, 0xbb, 0xfd, 0xd1, 0xd2, 0xa3, 0xac, 0xb7, 
    0xe7, 0xbb, 0xaf, 0xb5, 0xc4, 0xba, 0xdc, 0xc0, 0xf7, 0xba, 0xa6, 0xa3, 0xac, 0xc4, 0xb3, 0xd0, 
    0xa9, 0xb5, 0xd8, 0xb7, 0xbd, 0xd2, 0xbb, 0xc5, 0xf6, 0xb5, 0xbd, 0xbe, 0xcd, 0xbb, 0xe1, 0xcb, 
    0xe9, 0xb5, 0xf4, 0xa3, 0xac, 0xb5, 0xb1, 0xc8, 0xbb, 0xd2, 0xb2, 0xd3, 0xd0, 0xd0, 0xed, 0xb6, 
    0xe0, 0xbc, 0xe1, 0xcd, 0xa6, 0xd7, 0xc5, 0xb5, 0xc4, 0xcb, 0xe9, 0xca, 0xaf, 0xc6, 0xac, 0xa3, 
    0xac, 0xca, 0xae, 0xb7, 0xd6, 0xb5, 0xc4, 0xc8, 0xf1, 0xc0, 0xfb, 0xa1, 0xa3, 0xd6, 0xbb, 0xd2, 
    0xbb, 0xb6, 0xd9, 0xb7, 0xb9, 0xb5, 0xc4, 0xb9, 0xa4, 0xb7, 0xf2, 0xa3, 0xac, 0xba, 0xab, 0xc1, 
    0xa2, 0xb5, 0xc4, 0xcb, 0xab, 0xca, 0xd6, 0xbe, 0xcd, 0xd2, 0xd1, 0xc9, 0xcb, 0xba, 0xdb, 0xc0, 
    0xdb, 0xc0, 0xdb, 0xa3, 0xac, 0xca, 0xd6, 0xd6, 0xe2, 0xa1, 0xa2, 0xcf, 0xa5, 0xb8, 0xc7, 0xb5, 
    0xc4, 0xd2, 0xc2, 0xb7, 0xfe, 0xd2, 0xb2, 0xd2, 0xd1, 0xbb, 0xae, 0xc6, 0xc6, 0xa3, 0xac, 0xc0, 
    0xef, 0xc3, 0xe6, 0xb5, 0xc4, 0xc6, 0xa4, 0xc8, 0xe2, 0xb1, 0xbb, 0xb8, 0xee, 0xc9, 0xcb, 0xc1, 
    0xcb, 0xb6, 0xe0, 0xb4, 0xa6, 0xa3, 0xac, 0xbc, 0xb4, 0xca, 0xb9, 0xc9, 0xcb, 0xbf, 0xda, 0xb6, 
    0xbc, 0xba, 0xdc, 0xd0, 0xa1, 0xa3, 0xac, 0xb5, 0xab, 0xca, 0xc7, 0xd2, 0xbb, 0xd0, 0xa9, 0xcf, 
    0xb8, 0xcf, 0xb8, 0xb5, 0xc4, 0xcb, 0xe9, 0xca, 0xaf, 0xd4, 0xfc, 0xc9, 0xf8, 0xb5, 0xbd, 0xc0, 
    0xef, 0xc3, 0xe6, 0xa3, 0xac, 0xca, 0xb9, 0xb5, 0xc3, 0xcc, 0xdb, 0xcd, 0xb4, 0xb5, 0xc4, 0xb8, 
    0xd0, 0xbe, 0xf5, 0xb8, 0xfc, 0xcc, 0xed, 0xc9, 0xcf, 0xbc, 0xb8, 0xb7, 0xd6, 0xa1, 0xa3, 0x0a, 
    0xa1, 0xa1, 0xa1, 0xa1, 0xd7, 0xee, 0xc7, 0xb0, 0xc3, 0xe6, 0xbc, 0xb8, 0xc3, 0xfb, 0xd2, 0xd1, 
    0xbe, 0xad, 0xd4, 0xbd, 0xc5, 0xc0, 0xd4, 0xbd, 0xd4, 0xb6, 0xc1, 0xcb, 0xa3, 0xac, 0xba, 0xab, 
    0xc1, 0xa2, 0xcf, 0xeb, 0xb5, 0xbd, 0xbc, 0xd2, 0xc8, 0xcb, 0xba, 0xcd, 0xc8, 0xfd, 0xca, 0xe5, 
    0xd6, 0xf6, 0xb8, 0xc0, 0xb5, 0xc4, 0xbb, 0xb0, 0xa3, 0xac, 0xd6, 0xbb, 0xc4, 0xdc, 0xd4, 0xda, 
    0xd0, 0xc4, 0xb5, 0xd7, 0xcf, 0xc2, 0xd2, 0xa7, 0xd2, 0xa7, 0xd1, 0xc0, 0xa3, 0xac, 0xd3, 0xd6, 
    0xbc, 0xe8, 0xd0, 0xc1, 0xb5, 0xc4, 0xcd, 0xf9, 0xc9, 0xcf, 0xc5, 0xc0, 0xa1, 0xa3, 0x0a, 0xa1, 
    0xa1, 0xa1, 0xa1, 0xc1, 0xd9, 0xb3, 0xf6, 0xb7, 0xa2, 0xd6, 0xae, 0xc7, 0xb0, 0xa3, 0xac, 0xba, 
    0xab, 0xc1, 0xa2, 0xb5, 0xc4, 0xb8, 0xb8, 0xc7, 0xd7, 0xba, 0xcd, 0xc8, 0xfd, 0xca, 0xe5, 0xd2, 
    0xd1, 0xbe, 0xad, 0xcc, 0xe1, 0xd0, 0xd1, 0xb9, 0xfd, 0xba, 0xab, 0xc1, 0xa2, 0xa3, 0xac, 0xc8, 
    0xeb, 0xc3, 0xc5, 0xb5, 0xc4, 0xb2, 0xe2, 0xca, 0xd4, 0xbb, 0xe1, 0xba, 0xdc, 0xbc, 0xe8, 0xc4, 
    0xd1, 0xa3, 0xac, 0xd2, 0xaa, 0xca, 0xc7, 0xc3, 0xbb, 0xbc, 0xe1, 0xb3, 0xd6, 0xb5, 0xbd, 0xb5, 
    0xd7, 0xb5, 0xc4, 0xbb, 0xb0, 0xa3, 0xac, 0xca, 0xc7, 0xb2, 0xbb, 0xbf, 0xc9, 0xc4, 0xdc, 0xbc, 
    0xd3, 0xc8, 0xeb, 0xc6, 0xdf, 0xd0, 0xfe, 0xc3, 0xc5, 0xb5, 0xc4, 0xa1, 0xa3, 0xd4, 0xda, 0xd5, 
    0xe2, 0xb8, 0xf6, 0xca, 0xb1, 0xba, 0xf2, 0xa3, 0xac, 0xba, 0xab, 0xc1, 0xa2, 0xd0, 0xc4, 0xc0, 
    0xef, 0xd4, 0xe7, 0xbe, 0xcd, 0xb2, 0xbb, 0xd4, 0xda, 0xba, 0xf5, 0xc8, 0xeb, 0xb2, 0xbb, 0xc8, 
    0xeb, 0xb5, 0xc3, 0xc1, 0xcb, 0xc6, 0xdf, 0xd0, 0xfe, 0xc3, 0xc5, 0xa3, 0xac, 0xd6, 0xbb, 0xca, 
    0xc7, 0xd0, 0xc4, 0xc0, 0xef, 0xcd, 0xb7, 0xb5, 0xc4, 0xd2, 0xbb, 0xb9, 0xc9, 0xba, 0xdd, 0xbe, 
    0xa2, 0xb7, 0xa2, 0xd7, 0xf7, 0xc6, 0xf0, 0xc0, 0xb4, 0xa3, 0xac, 0xd5, 0xe2, 0xbf, 0xda, 0xc6, 
    0xf8, 0xb6, 0xc2, 0xd4, 0xda, 0xc0, 0xef, 0xcd, 0xb7, 0xa3, 0xac, 0xb7, 0xc7, 0xd2, 0xaa, 0xd7, 
    0xb7, 0xc9, 0xcf, 0xc6, 0xe4, 0xcb, 0xfb, 0xc8, 0xcb, 0xb2, 0xbb, 0xbf, 0xc9, 0xa1, 0xa3, 0x0a, 
    0xa1, 0xa1, 0xa1, 0xa1, 0xba, 0xab, 0xc1, 0xa2, 0xcc, 0xa7, 0xc6, 0xf0, 0xcd, 0xb7, 0xb7, 0xd1, 
    0xc1, 0xa6, 0xb5, 0xc4, 0xcd, 0xfb, 0xc1, 0xcb, 0xcd, 0xfb, 0xa3, 0xac, 0xcf, 0xd6, 0xd4, 0xda, 
    0xc5, 0xc0, 0xd4, 0xda, 0xd7, 0xee, 0xc7, 0xb0, 0xb1, 0xdf, 0xb5, 0xc4, 0xc8, 0xcb, 0xca, 0xc7, 
    0xce, 0xe8, 0xd1, 0xd2, 0xa3, 0xac, 0xce, 0xe8, 0xd1, 0xd2, 0xb1, 0xcf, 0xbe, 0xb9, 0xb1, 0xc8, 
    0xba, 0xab, 0xc1, 0xa2, 0xb3, 0xa4, 0xc1, 0xcb, 0xb2, 0xbb, 0xd6, 0xb9, 0xd2, 0xbb, 0xcb, 0xea, 
    0xa3, 0xac, 0xbb, 0xb9, 0xc1, 0xb7, 0xb9, 0xfd, 0xd2, 0xbb, 0xd0, 0xa9, 0xce, 0xe4, 0xb9, 0xa6, 
    0xa3, 0xac, 0xc9, 0xed, 0xcc, 0xe5, 0xb1, 0xc8, 0xc6, 0xe4, 0xcb, 0xfb, 0xba, 0xa2, 0xd7, 0xd3, 
    0xc7, 0xbf, 0xd7, 0xb3, 0xb5, 0xc4, 0xb6, 0xe0, 0xa3, 0xac, 0xc5, 0xc0, 0xd4, 0xda, 0xd7, 0xee, 
    0xc7, 0xb0, 0xb2, 0xa2, 0xb2, 0xbb, 0xc1, 0xee, 0xc8, 0xcb, 0xbe, 0xaa, 0xc6, 0xe6, 0xa1, 0xa3, 
    0x0a, 0xa1, 0xa1, 0xa1, 0xa1, 0xba, 0xab, 0xc1, 0xa2, 0xd3, 0xd6, 0xbb, 0xd8, 0xcd, 0xb7, 0xc9, 
    0xa8, 0xca, 0xd3, 0xc1, 0xcb, 0xba, 0xf3, 0xb7, 0xbd, 0xbc, 0xb8, 0xd1, 0xdb, 0xa3, 0xac, 0xba, 
    0xf3, 0xc3, 0xe6, 0xbb, 0xb9, 0xd3, 0xd0, 0xb2, 0xbb, 0xc9, 0xd9, 0xc8, 0xcb, 0xd3, 0xb0, 0xd4, 
    0xda, 0xd2, 0xc6, 0xb6, 0xaf, 0xd7, 0xc5, 0xa3, 0xac, 0xba, 0xab, 0xc1, 0xa2, 0xce, 0xfc, 0xc1, 
    0xcb, 0xd2, 0xbb, 0xbf, 0xda, 0xc6, 0xf8, 0xa3, 0xac, 0xd3, 0xd6, 0xbc, 0xd3, 0xcb, 0xd9, 0xc7, 
    0xb0, 0xbd, 0xf8, 0xa1, 0xa3, 0x0a, 0xa1, 0xa1, 0xa1, 0xa1, 0xb3, 0xd4, 0xc4, 0xcc, 0xb5, 0xc4, 
    0xc1, 0xa6, 0xc6, 0xf8, 0xb6, 0xbc, 0xca, 0xb9, 0xc1, 0xcb, 0xb3, 0xf6, 0xc0, 0xb4, 0xa3, 0xac, 
    0xc8, 0xd4, 0xc8, 0xbb, 0xc3, 0xbb, 0xd3, 0xd0, 0xc0, 0xad, 0xbd, 0xfc, 0xba, 0xcd, 0xd7, 0xee, 
    0xc7, 0xb0, 0xb1, 0xdf, 0xbc, 0xb8, 0xc8, 0xcb, 0xb5, 0xc4, 0xbe, 0xe0, 0xc0, 0xeb, 0xa3, 0xac, 
    0xc9, 0xed, 0xd7, 0xd3, 0xca, 0xc7, 0xd4, 0xbd, 0xc0, 0xb4, 0xd4, 0xbd, 0xb3, 0xc1, 0xd6, 0xd8, 
    0xa3, 0xac, 0xd1, 0xdb, 0xbf, 0xb4, 0xcc, 0xab, 0xd1, 0xf4, 0xd6, 0xf0, 0xbd, 0xa5, 0xc5, 0xc0, 
    0xb5, 0xbd, 0xcc, 0xec, 0xbf, 0xd5, 0xb5, 0xc4, 0xd5, 0xfd, 0xd6, 0xd0, 0xbc, 0xe4, 0xa3, 0xac, 
    0xb6, 0xf8, 0xce, 0xe8, 0xd1, 0xd2, 0xc8, 0xb4, 0xd2, 0xd1, 0xbe, 0xad, 0xc5, 0xca, 0xb5, 0xbd, 
    0xca, 0xaf, 0xb1, 0xda, 0xbe, 0xa1, 0xcd, 0xb7, 0xa1, 0xa3, 0x0a, 0xa1, 0xa1, 0xa1, 0xa1, 0xc4, 
    0xc7, 0xc0, 0xef, 0xca, 0xc7, 0xd2, 0xbb, 0xb4, 0xa6, 0xb4, 0xb9, 0xd6, 0xb1, 0xb6, 0xb8, 0xc7, 
    0xcd, 0xb5, 0xc4, 0xc9, 0xbd, 0xd1, 0xc2, 0xa3, 0xac, 0xb8, 0xdf, 0xd3, 0xd0, 0xc8, 0xfd, 0xca, 
    0xae, 0xd3, 0xe0, 0xd5, 0xc9, 0xa3, 0xac, 0xb4, 0xd3, 0xc9, 0xbd, 0xd1, 0xc2, 0xb6, 0xa5, 0xb2, 
    0xbf, 0xd0, 0xfc, 0xb5, 0xf5, 0xcf, 0xc2, 0xc0, 0xb4, 0xca, 0xae, 0xbc, 0xb8, 0xcc, 0xf5, 0xc2, 
    0xe9, 0xc9, 0xfe, 0xa3, 0xac, 0xc2, 0xe9, 0xc9, 0xfe, 0xc9, 0xcf, 0xbb, 0xb9, 0xb4, 0xf2, 0xd7, 
    0xc5, 0xd2, 0xbb, 0xb8, 0xf6, 0xb8, 0xf6, 0xc8, 0xad, 0xcd, 0xb7, 0xb4, 0xf3, 0xb5, 0xc4, 0xbd, 
    0xe1, 0xa3, 0xac, 0xce, 0xe8, 0xd1, 0xd2, 0xcf, 0xd6, 0xd4, 0xda, 0xd5, 0xfd, 0xc5, 0xca, 0xc9, 
    0xcf, 0xc6, 0xe4, 0xd6, 0xd0, 0xd2, 0xbb, 0xcc, 0xf5, 0xa3, 0xac, 0xc2, 0xfd, 0xc2, 0xfd, 0xb5, 
    0xc4, 0xa1, 0xa2, 0xd2, 0xbb, 0xb5, 0xe3, 0xd2, 0xbb, 0xb5, 0xe3, 0xb5, 0xc4, 0xcf, 0xf2, 0xd1, 
    0xc2, 0xb6, 0xa5, 0xd2, 0xc6, 0xb6, 0xaf, 0xa1, 0xa3, 0x0a, 0xa1, 0xa1, 0xa1, 0xa1, 0xba, 0xab, 
    0xc1, 0xa2, 0xcd, 0xfb, 0xd7, 0xc5, 0xc7, 0xb0, 0xc3, 0xe6, 0xb5, 0xc4, 0xce, 0xe8, 0xd1, 0xd2, 
    0xa3, 0xac, 0xd3, 0xd0, 0xd0, 0xa9, 0xbb, 0xd2, 0xd0, 0xc4, 0xc1, 0xcb, 0xa3, 0xac, 0xcb, 0xfb, 
    0xd6, 0xaa, 0xb5, 0xc0, 0xd7, 0xd4, 0xbc, 0xba, 0xb2, 0xbb, 0xbf, 0xc9, 0xc4, 0xdc, 0xd7, 0xb7, 
    0xc9, 0xcf, 0xd7, 0xee, 0xc7, 0xb0, 0xb1, 0xdf, 0xca, 0xfd, 0xc8, 0xcb, 0xa3, 0xac, 0xb6, 0xf8, 
    0xc7, 0xd2, 0xca, 0xb1, 0xbc, 0xe4, 0xd2, 0xb2, 0xb2, 0xbb, 0xb9, 0xbb, 0xc1, 0xcb, 0xa1, 0xa3, 
    0x0a, 0xa1, 0xa1, 0xa1, 0xa1, 0xd5, 0xe2, 0xc4, 0xee, 0xcd, 0xb7, 0xd2, 0xbb, 0xc6, 0xf0, 0xa3, 
    0xac, 0xcd, 0xbb, 0xc8, 0xbb, 0xbc, 0xe4, 0xca, 0xd6, 0xd6, 0xe2, 0xcf, 0xa5, 0xb5, 0xc4, 0xca, 
    0xdc, 0xc9, 0xcb, 0xb4, 0xa6, 0xbe, 0xcd, 0xcd, 0xac, 0xca, 0xb1, 0xb4, 0xab, 0xc0, 0xb4, 0xc1, 
    0xcb, 0xbb, 0xf0, 0xc0, 0xb1, 0xc0, 0xb1, 0xb5, 0xc4, 0xcc, 0xdb, 0xcd, 0xb4, 0xa3, 0xac, 0xcb, 
    0xc4, 0xd6, 0xab, 0xce, 0xde, 0xc1, 0xa6, 0xc1, 0xcb, 0xa3, 0xac, 0xd7, 0xa5, 0xd7, 0xc5, 0xd1, 
    0xd2, 0xca, 0xaf, 0xb5, 0xc4, 0xd2, 0xbb, 0xd6, 0xbb, 0xca, 0xd6, 0xd2, 0xbb, 0xb2, 0xfc, 0xa3, 
    0xac, 0xc3, 0xcd, 0xb5, 0xc4, 0xc8, 0xab, 0xc9, 0xed, 0xb6, 0xbc, 0xcd, 0xf9, 0xcf, 0xc2, 0xb5, 
    0xf4, 0xa3, 0xac, 0xba, 0xab, 0xc1, 0xa2, 0xcf, 0xc5, 0xb5, 0xc3, 0xd0, 0xc4, 0xc6, 0xcb, 0xcd, 
    0xa8, 0xc6, 0xcb, 0xcd, 0xa8, 0xd6, 0xb1, 0xcc, 0xf8, 0xa3, 0xac, 0xc1, 0xac, 0xc3, 0xa6, 0xb0, 
    0xd1, 0xc8, 0xab, 0xc9, 0xed, 0xbd, 0xf4, 0xbd, 0xf4, 0xb5, 0xd8, 0xcc, 0xf9, 0xd4, 0xda, 0xc1, 
    0xcb, 0xca, 0xaf, 0xb1, 0xda, 0xc9, 0xcf, 0xc3, 0xe6, 0xa3, 0xac, 0xb6, 0xaf, 0xd2, 0xb2, 0xb2, 
    0xbb, 0xb8, 0xd2, 0xd4, 0xd9, 0xb6, 0xaf, 0xa1, 0xa3, 0x0a, 0xa1, 0xa1, 0xa1, 0xa1, 0xb9, 0xfd, 
    0xc1, 0xcb, 0xd2, 0xbb, 0xbb, 0xe1, 0xb6, 0xf9, 0xa3, 0xac, 0xd0, 0xc4, 0xd6, 0xd0, 0xc6, 0xbd, 
    0xbe, 0xb2, 0xcf, 0xc2, 0xc0, 0xb4, 0xa3, 0xac, 0xd4, 0xd9, 0xd3, 0xc3, 0xca, 0xd6, 0xc8, 0xa5, 
    0xd7, 0xa5, 0xd7, 0xa1, 0xd2, 0xbb, 0xbf, 0xe9, 0xcd, 0xb9, 0xb3, 0xf6, 0xb5, 0xc4, 0xca, 0xaf, 
    0xbd, 0xc7, 0xa3, 0xac, 0xb3, 0xb6, 0xc1, 0xcb, 0xbc, 0xb8, 0xcf, 0xc2, 0xa3, 0xac, 0xb1, 0xc8, 
    0xbd, 0xcf, 0xc0, 0xce, 0xbf, 0xbf, 0xa3, 0xac, 0xd5, 0xe2, 0xb2, 0xc5, 0xb7, 0xc5, 0xd0, 0xc4, 
    0xcf, 0xc2, 0xc0, 0xb4, 0xa1, 0xa3, 0x0a, 0xa1, 0xa1, 0xa1, 0xa1, 0xba, 0xab, 0xc1, 0xa2, 0xcf, 
    0xc2, 0xd2, 0xe2, 0xca, 0xb6, 0xb5, 0xc4, 0xbb, 0xd8, 0xcd, 0xb7, 0xcd, 0xfb, 0xc1, 0xcb, 0xcd, 
    0xfb, 0xa3, 0xac, 0xbc, 0xfb, 0xb5, 0xbd, 0xc9, 0xed, 0xba, 0xf3, 0xb5, 0xc4, 0xca, 0xa6, 0xd0, 
    0xd6, 0xd5, 0xfd, 0xb0, 0xeb, 0xb6, 0xd7, 0xd7, 0xc5, 0xc9, 0xed, 0xd7, 0xd3, 0xc1, 0xbd, 0xca, 
    0xd6, 0xb1, 0xdb, 0xb3, 0xa8, 0xbf, 0xaa, 0xa3, 0xac, 0xb0, 0xda, 0xb3, 0xf6, 0xc1, 0xcb, 0xb7, 
    0xc0, 0xbb, 0xa4, 0xba, 0xab, 0xc1, 0xa2, 0xb5, 0xc4, 0xd7, 0xcb, 0xca, 0xc6, 0xa3, 0xac, 0xbc, 
    0xfb, 0xb5, 0xbd, 0xcb, 0xfb, 0xd3, 0xd6, 0xb0, 0xb2, 0xc8, 0xab, 0xc1, 0xcb, 0xa3, 0xac, 0xb2, 
    0xc5, 0xbb, 0xba, 0xbb, 0xba, 0xb5, 0xc4, 0xd5, 0xbe, 0xd6, 0xb1, 0xc1, 0xcb, 0xc9, 0xed, 0xd7, 
    0xd3, 0xa1, 0xa3, 0x0a, 0xa1, 0xa1, 0xa1, 0xa1, 0xba, 0xab, 0xc1, 0xa2, 0xd0, 0xc4, 0xc0, 0xef, 
    0xd2, 0xbb, 0xd5, 0xf3, 0xb8, 0xd0, 0xbc, 0xa4, 0xa3, 0xac, 0xd7, 0xd4, 0xbc, 0xba, 0xd2, 0xaa, 
    0xca, 0xc7, 0xd5, 0xe6, 0xb5, 0xc4, 0xb5, 0xf4, 0xcf, 0xc2, 0xc8, 0xa5, 0xa3, 0xac, 0xc7, 0xb0, 
    0xc3, 0xe6, 0xb5, 0xc4, 0xd0, 0xc1, 0xbf, 0xe0, 0xbf, 0xc9, 0xca, 0xc7, 0xb0, 0xd7, 0xb7, 0xd1, 
    0xc1, 0xcb, 0xa3, 0xa1, 0xd3, 0xda, 0xca, 0xc7, 0xc9, 0xd4, 0xd0, 0xaa, 0xc6, 0xac, 0xbf, 0xcc, 
    0xa3, 0xac, 0xd3, 0xd6, 0xc2, 0xfd, 0xc2, 0xfd, 0xb5, 0xc4, 0xcf, 0xf2, 0xc7, 0xb0, 0xd2, 0xc6, 
    0xb6, 0xaf, 0xa3, 0xac, 0xb3, 0xaf, 0xd7, 0xc5, 0xb9, 0xd2, 0xd4, 0xda, 0xd0, 0xfc, 0xd1, 0xc2, 
    0xc9, 0xcf, 0xb5, 0xc4, 0xd2, 0xbb, 0xcc, 0xf5, 0xcc, 0xf5, 0xb4, 0xd6, 0xc2, 0xe9, 0xc9, 0xfe, 
    0xc5, 0xc0, 0xc8, 0xa5, 0xa1, 0xa3, 0x0a, 0xa1, 0xa1, 0xa1, 0xa1, 0xd6, 0xd5, 0xd3, 0xda, 0xc0, 
    0xb4, 0xb5, 0xbd, 0xc1, 0xcb, 0xc6, 0xe4, 0xd6, 0xd0, 0xd2, 0xbb, 0xcc, 0xf5, 0xc3, 0xbb, 0xc8, 
    0xcb, 0xb5, 0xc4, 0xc2, 0xe9, 0xc9, 0xfe, 0xa3, 0xac, 0xcc, 0xab, 0xd1, 0xf4, 0xd2, 0xd1, 0xbe, 
    0xad, 0xbc, 0xb8, 0xba, 0xf5, 0xb5, 0xbd, 0xc1, 0xcb, 0xcc, 0xec, 0xbf, 0xd5, 0xb5, 0xc4, 0xd5, 
    0xfd, 0xd6, 0xd0, 0xbc, 0xe4, 0xa3, 0xac, 0xd6, 0xbb, 0xca, 0xa3, 0xb2, 0xbb, 0xb5, 0xbd, 0xb0, 
    0xeb, 0xb8, 0xf6, 0xca, 0xb1, 0xb3, 0xbd, 0xbe, 0xcd, 0xbb, 0xe1, 0xcd, 0xea, 0xc8, 0xab, 0xb5, 
    0xbd, 0xd5, 0xfd, 0xce, 0xe7, 0xc1, 0xcb, 0xa3, 0xac, 0xd5, 0xe2, 0xca, 0xb1, 0xce, 0xe8, 0xd1, 
    0xd2, 0xd2, 0xd1, 0xbe, 0xad, 0xc5, 0xca, 0xc9, 0xcf, 0xc1, 0xcb, 0xd1, 0xc2, 0xb6, 0xa5, 0xa3, 
    0xac, 0xd5, 0xfd, 0xbb, 0xd8, 0xcd, 0xb7, 0xcd, 0xf9, 0xcf, 0xc2, 0xcd, 0xfb, 0xa3, 0xac, 0xba, 
    0xab, 0xc1, 0xa2, 0xc5, 0xc0, 0xb5, 0xbd, 0xc2, 0xe9, 0xc9, 0xfe, 0xb5, 0xd7, 0xb2, 0xbf, 0xb5, 
    0xc4, 0xca, 0xb1, 0xba, 0xf2, 0xc7, 0xa1, 0xba, 0xc3, 0xbc, 0xfb, 0xb5, 0xbd, 0xce, 0xe8, 0xd1, 
    0xd2, 0xa3, 0xac, 0xd6, 0xbb, 0xbc, 0xfb, 0xcb, 0xfb, 0xbe, 0xd9, 0xc6, 0xf0, 0xca, 0xd6, 0xb1, 
    0xdb, 0xa3, 0xac, 0xc9, 0xec, 0xb3, 0xf6, 0xd0, 0xa1, 0xc4, 0xb4, 0xd6, 0xb8, 0xb6, 0xd4, 0xd7, 
    0xc5, 0xd1, 0xc2, 0xcf, 0xc2, 0xd6, 0xae, 0xc8, 0xcb, 0xc7, 0xe1, 0xc7, 0xe1, 0xb1, 0xc8, 0xc1, 
    0xcb, 0xc1, 0xbd, 0xcf, 0xc2, 0xa3, 0xac, 0xbd, 0xd3, 0xd7, 0xc5, 0xb9, 0xfe, 0xb9, 0xfe, 0xd2, 
    0xbb, 0xd5, 0xf3, 0xbf, 0xf1, 0xd0, 0xa6, 0xa3, 0xac, 0xb1, 0xe3, 0xc0, 0xeb, 0xbf, 0xaa, 0xc1, 
    0xcb, 0xa1, 0xa3, 0x0a, 0xa1, 0xa1, 0xa1, 0xa1, 0xba, 0xab, 0xc1, 0xa2, 0xd0, 0xc4, 0xc0, 0xef, 
    0xd2, 0xbb, 0xd5, 0xf3, 0xc6, 0xf8, 0xc4, 0xd5, 0xa3, 0xac, 0xc1, 0xac, 0xc3, 0xa6, 0xd7, 0xa5, 
    0xcd, 0xf9, 0xc2, 0xe9, 0xc9, 0xfe, 0xa3, 0xac, 0xcd, 0xf9, 0xc9, 0xcf, 0xc5, 0xca, 0xc5, 0xc0, 
    0xa1, 0xa3, 0x0a, 0xa1, 0xa1, 0xa1, 0xa1, 0xbf, 0xc9, 0xca, 0xc7, 0xba, 0xab, 0xc1, 0xa2, 0xd2, 
    0xd1, 0xbe, 0xad, 0xc8, 0xab, 0xc9, 0xed, 0xc9, 0xcf, 0xcf, 0xc2, 0xa3, 0xac, 0xc3, 0xbb, 0xd3, 
    0xd0, 0xc1, 0xcb, 0xd2, 0xbb, 0xcb, 0xbf, 0xd2, 0xbb, 0xba, 0xc1, 0xb5, 0xc4, 0xd3, 0xe0, 0xc1, 
    0xa6, 0xa3, 0xac, 0xcf, 0xd6, 0xd4, 0xda, 0xbc, 0xb8, 0xba, 0xf5, 0xc1, 0xac, 0xc9, 0xfe, 0xbd, 
    0xe1, 0xb6, 0xbc, 0xd7, 0xa5, 0xb2, 0xbb, 0xc0, 0xce, 0xa1, 0xa3, 0x0a, 0xa1, 0xa1, 0xa1, 0xa1, 
    0xb5, 0xb1, 0xcb, 0xfb, 0xb7, 0xd1, 0xc1, 0xcb, 0xba, 0xc3, 0xb4, 0xf3, 0xc1, 0xa6, 0xc6, 0xf8, 
    0xc5, 0xc0, 0xc9, 0xcf, 0xc1, 0xcb, 0xd7, 0xee, 0xc4, 0xa9, 0xb6, 0xcb, 0xb5, 0xc4, 0xd2, 0xbb, 
    0xb8, 0xf6, 0xc9, 0xfe, 0xbd, 0xe1, 0xa3, 0xac, 0xd2, 0xbb, 0xcf, 0xc2, 0xd7, 0xf8, 0xd4, 0xda, 
    0xc9, 0xcf, 0xc3, 0xe6, 0xba, 0xf3, 0xa3, 0xac, 0xbe, 0xcd, 0xbe, 0xf5, 0xb5, 0xc3, 0xc8, 0xab, 
    0xc9, 0xed, 0xc9, 0xcf, 0xcf, 0xc2, 0xc8, 0xed, 0xc3, 0xe0, 0xc3, 0xe0, 0xb5, 0xc4, 0xa3, 0xac, 
    0xc1, 0xac, 0xd2, 0xbb, 0xb8, 0xf9, 0xca, 0xd6, 0xd6, 0xb8, 0xb6, 0xbc, 0xb6, 0xaf, 0xb5, 0xaf, 
    0xb2, 0xbb, 0xb5, 0xc3, 0xc1, 0xcb, 0xa3, 0xac, 0xb7, 0xd1, 0xc1, 0xa6, 0xb5, 0xc4, 0xc5, 0xa4, 
    0xcd, 0xb7, 0xbf, 0xb4, 0xc1, 0xcb, 0xbf, 0xb4, 0xa3, 0xac, 0xba, 0xf3, 0xc3, 0xe6, 0xb5, 0xc4, 
    0xca, 0xaf, 0xb1, 0xda, 0xb4, 0xa6, 0xbb, 0xb9, 0xd3, 0xd0, 0xd2, 0xbb, 0xd0, 0xa9, 0xba, 0xa2, 
    0xd7, 0xd3, 0xd7, 0xf8, 0xd4, 0xda, 0xc4, 0xc7, 0xc0, 0xef, 0xa3, 0xac, 0xd5, 0xfd, 0xb4, 0xf3, 
    0xbf, 0xda, 0xb4, 0xf3, 0xbf, 0xda, 0xb5, 0xc4, 0xb4, 0xad, 0xd7, 0xc5, 0xb4, 0xd6, 0xc6, 0xf8, 
    0xa3, 0xac, 0xbf, 0xb4, 0xc0, 0xb4, 0xba, 0xcd, 0xd7, 0xd4, 0xbc, 0xba, 0xd2, 0xbb, 0xd1, 0xf9, 
    0xd3, 0xc3, 0xcd, 0xea, 0xc1, 0xcb, 0xd7, 0xee, 0xba, 0xf3, 0xd2, 0xbb, 0xcb, 0xbf, 0xb5, 0xc4, 
    0xc1, 0xa6, 0xc6, 0xf8, 0xa1, 0xa3, 0x0a, 0xa1, 0xa1, 0xa1, 0xa1, 0xba, 0xab, 0xc1, 0xa2, 0xd0, 
    0xc4, 0xc0, 0xef, 0xcd, 0xb7, 0xd6, 0xbb, 0xc4, 0xdc, 0xbf, 0xe0, 0xd0, 0xa6, 0xa3, 0xac, 0xd7, 
    0xd4, 0xbc, 0xba, 0xcc, 0xab, 0xd0, 0xa1, 0xbf, 0xb4, 0xd5, 0xe2, 0xb4, 0xce, 0xb5, 0xc4, 0xb2, 
    0xe2, 0xca, 0xd4, 0xa3, 0xac, 0xbb, 0xb9, 0xba, 0xc3, 0xd7, 0xd4, 0xbc, 0xba, 0xc3, 0xbb, 0xd3, 
    0xd0, 0xc2, 0xe4, 0xd4, 0xda, 0xd7, 0xee, 0xba, 0xf3, 0xc3, 0xe6, 0xa3, 0xac, 0xd7, 0xaa, 0xcd, 
    0xb7, 0xd3, 0xd6, 0xbf, 0xb4, 0xb5, 0xbd, 0xc4, 0xc7, 0xce, 0xbb, 0xc0, 0xe4, 0xc0, 0xe4, 0xb5, 
    0xc4, 0xca, 0xa6, 0xd0, 0xd6, 0xa1, 0xa3, 0xba, 0xab, 0xc1, 0xa2, 0xd3, 0xcc, 0xd4, 0xa5, 0xc1, 
    0xcb, 0xc6, 0xac, 0xbf, 0xcc, 0xba, 0xf3, 0xa3, 0xac, 0xbb, 0xb9, 0xca, 0xc7, 0xbe, 0xf6, 0xb6, 
    0xa8, 0xd4, 0xd9, 0xbc, 0xd3, 0xb0, 0xd1, 0xbe, 0xa2, 0xa3, 0xac, 0xcf, 0xf2, 0xc9, 0xcf, 0xc5, 
    0xca, 0xb5, 0xc7, 0xd2, 0xbb, 0xd0, 0xa9, 0xa3, 0xac, 0xcb, 0xe4, 0xc8, 0xbb, 0xd4, 0xda, 0xd5, 
    0xfd, 0xce, 0xe7, 0xd6, 0xae, 0xc7, 0xb0, 0xd7, 0xd4, 0xbc, 0xba, 0xbe, 0xf8, 0xb6, 0xd4, 0xce, 
    0xde, 0xb7, 0xa8, 0xc5, 0xc0, 0xb5, 0xbd, 0xa3, 0xac, 0xbf, 0xc9, 0xca, 0xc7, 0xbe, 0xcd, 0xb4, 
    0xcb, 0xb2, 0xbb, 0xb6, 0xaf, 0xc6, 0xf1, 0xb2, 0xbb, 0xcc, 0xab, 0xc4, 0xd1, 0xbf, 0xb4, 0xc1, 
    0xcb, 0xa3, 0xa1, 0x0a, 0xa1, 0xa1, 0xa1, 0xa1, 0xba, 0xab, 0xc1, 0xa2, 0xc9, 0xec, 0xc1, 0xcb, 
    0xc9, 0xec, 0xd3, 0xd0, 0xb5, 0xe3, 0xbd, 0xa9, 0xd3, 0xb2, 0xc1, 0xcb, 0xb5, 0xc4, 0xcb, 0xab, 
    0xca, 0xd6, 0xa3, 0xac, 0xca, 0xb9, 0xc6, 0xf0, 0xc1, 0xcb, 0xb8, 0xd5, 0xb8, 0xd5, 0xbb, 0xd6, 
    0xb8, 0xb4, 0xb5, 0xc4, 0xd2, 0xbb, 0xb5, 0xe3, 0xc1, 0xa6, 0xc6, 0xf8, 0xa3, 0xac, 0xc2, 0xfd, 
    0xc2, 0xfd, 0xb5, 0xc4, 0xcb, 0xb3, 0xd7, 0xc5, 0xc9, 0xfe, 0xbd, 0xe1, 0xcd, 0xf9, 0xc9, 0xcf, 
    0xc5, 0xb2, 0xb6, 0xaf, 0xa3, 0xac, 0xb5, 0xab, 0xca, 0xc7, 0xd5, 0xe2, 0xca, 0xb1, 0xba, 0xab, 
    0xc1, 0xa2, 0xb5, 0xc4, 0xcb, 0xab, 0xca, 0xd6, 0xd2, 0xd1, 0xbe, 0xad, 0xcd, 0xea, 0xc8, 0xab, 
    0xb2, 0xbb, 0xcc, 0xfd, 0xca, 0xb9, 0xbb, 0xbd, 0xc1, 0xcb, 0xa3, 0xac, 0xb8, 0xf9, 0xb1, 0xbe, 
    0xd7, 0xa5, 0xb2, 0xbb, 0xd7, 0xa1, 0xc9, 0xfe, 0xd7, 0xd3, 0xa3, 0xac, 0xc4, 0xa5, 0xb2, 0xe4, 
    0xc1, 0xcb, 0xc6, 0xac, 0xbf, 0xcc, 0xa3, 0xac, 0xc8, 0xd4, 0xc8, 0xbb, 0xce, 0xb4, 0xc4, 0xdc, 
    0xd3, 0xd0, 0xbd, 0xe1, 0xb9, 0xfb, 0xa1, 0xa3, 0x0a, 0x0a, 0x0a, 0xb5, 0xda, 0xce, 0xe5, 0xd5, 
    0xc2, 0x20, 0xc4, 0xab, 0xb4, 0xf3, 0xb7, 0xf2, 0x0a, 0xa1, 0xa1, 0xa1, 0xa1, 0xd3, 0xd6, 0xb9, 
    0xfd, 0xc1, 0xcb, 0xd2, 0xbb, 0xbb, 0xe1, 0xb6, 0xf9, 0xa3, 0xac, 0xba, 0xab, 0xc1, 0xa2, 0xd6, 
    0xbb, 0xbe, 0xf5, 0xd1, 0xfc, 0xbc, 0xe4, 0xd2, 0xbb, 0xbd, 0xf4, 0xa3, 0xac, 0xc9, 0xed, 0xd7, 
    0xd3, 0xd2, 0xbb, 0xc7, 0xe1, 0xa3, 0xac, 0xd5, 0xfb, 0xb8, 0xf6, 0xc8, 0xcb, 0xcd, 0xbb, 0xc8, 
    0xbb, 0xd7, 0xd4, 0xb6, 0xaf, 0xb5, 0xc4, 0xcd, 0xf9, 0xc9, 0xcf, 0xc9, 0xfd, 0xa1, 0xa3, 0x0a, 
    0xa1, 0xa1, 0xa1, 0xa1, 0xba, 0xab, 0xc1, 0xa2, 0xd7, 0xaa, 0xcd, 0xb7, 0xd2, 0xbb, 0xbf, 0xb4, 
    0xa3, 0xac, 0xc8, 0xb4, 0xca, 0xc7, 0xc4, 0xc7, 0xce, 0xbb, 0xbd, 0xf4, 0xb8, 0xfa, 0xd4, 0xda, 
    0xd7, 0xd4, 0xbc, 0xba, 0xc9, 0xed, 0xba, 0xf3, 0xb5, 0xc4, 0xca, 0xa6, 0xd0, 0xd6, 0xd2, 0xbb, 
    0xca, 0xd6, 0xb1, 0xa7, 0xd7, 0xc5, 0xd7, 0xd4, 0xbc, 0xba, 0xa3, 0xac, 0xc1, 0xed, 0xd2, 0xbb, 
    0xca, 0xd6, 0xba, 0xcd, 0xcb, 0xab, 0xcd, 0xc8, 0xc3, 0xf4, 0xbd, 0xdd, 0xb5, 0xc4, 0xcf, 0xf2, 
    0xc9, 0xcf, 0xc5, 0xca, 0xc9, 0xfd, 0xa3, 0xac, 0xba, 0xab, 0xc1, 0xa2, 0xcd, 0xac, 0xca, 0xb1, 
    0xd7, 0xa2, 0xd2, 0xe2, 0xb5, 0xbd, 0xcc, 0xab, 0xd1, 0xf4, 0xb8, 0xdf, 0xb8, 0xdf, 0xb5, 0xc4, 
    0xb9, 0xd2, 0xd4, 0xda, 0xcc, 0xec, 0xbf, 0xd5, 0xd5, 0xfd, 0xd6, 0xd0, 0xbc, 0xe4, 0xa1, 0xa3, 
    0x0a, 0xa1, 0xa1, 0xa1, 0xa1, 0xd4, 0xad, 0xc0, 0xb4, 0xd7, 0xd4, 0xbc, 0xba, 0xd6, 0xd5, 0xd3, 
    0xda, 0xbb, 0xb9, 0xca, 0xc7, 0xc3, 0xbb, 0xc4, 0xdc, 0xcd, 0xea, 0xb3, 0xc9, 0xd5, 0xe2, 0xb6, 
    0xce, 0xc2, 0xb7, 0xb3, 0xcc, 0xa3, 0xac, 0xba, 0xab, 0xc1, 0xa2, 0xd0, 0xc4, 0xc0, 0xef, 0xd3, 
    0xd0, 0xb5, 0xe3, 0xc4, 0xd1, 0xb9, 0xfd, 0xa3, 0xac, 0xd7, 0xd4, 0xbc, 0xba, 0xc4, 0xc7, 0xc3, 
    0xb4, 0xc6, 0xb4, 0xc3, 0xfc, 0xa3, 0xac, 0xd4, 0xf5, 0xc3, 0xb4, 0xbb, 0xb9, 0xca, 0xc7, 0xb1, 
    0xc8, 0xb2, 0xbb, 0xc9, 0xcf, 0xb1, 0xf0, 0xc8, 0xcb, 0xc4, 0xd8, 0xa3, 0xbf, 0x0a, 0xa1, 0xa1, 
    0xa1, 0xa1, 0xd7, 0xaa, 0xd1, 0xdb, 0xb5, 0xbd, 0xc1, 0xcb, 0xc9, 0xbd, 0xd1, 0xc2, 0xb6, 0xa5, 
    0xb2, 0xbf, 0xa3, 0xac, 0xd1, 0xdb, 0xc7, 0xb0, 0xd6, 0xbb, 0xd3, 0xd0, 0xc1, 0xf9, 0xc3, 0xfb, 
    0xba, 0xa2, 0xd7, 0xd3, 0xd7, 0xf8, 0xd4, 0xda, 0xd2, 0xbb, 0xc5, 0xd4, 0xd0, 0xdd, 0xcf, 0xa2, 
    0xa3, 0xac, 0xb6, 0xf8, 0xce, 0xe8, 0xd1, 0xd2, 0xd5, 0xfd, 0xba, 0xcd, 0xd2, 0xbb, 0xce, 0xbb, 
    0xc9, 0xed, 0xb4, 0xa9, 0xc9, 0xee, 0xc0, 0xb6, 0xd4, 0xb1, 0xcd, 0xe2, 0xc5, 0xdb, 0xa1, 0xa2, 
    0xb1, 0xb3, 0xb8, 0xba, 0xcb, 0xab, 0xca, 0xd6, 0xa1, 0xa2, 0xce, 0xe5, 0xca, 0xae, 0xd3, 0xe0, 
    0xcb, 0xea, 0xb5, 0xc4, 0xb8, 0xbb, 0xcc, 0xac, 0xc0, 0xcf, 0xd5, 0xdf, 0xcb, 0xb5, 0xbb, 0xb0, 
    0xa3, 0xac, 0xd4, 0xc0, 0xcc, 0xc3, 0xd6, 0xf7, 0xba, 0xcd, 0xcd, 0xf5, 0xbb, 0xa4, 0xb7, 0xa8, 
    0xb6, 0xbc, 0xd5, 0xfd, 0xd5, 0xbe, 0xd4, 0xda, 0xcb, 0xfb, 0xb5, 0xc4, 0xc9, 0xed, 0xc5, 0xd4, 
    0xa3, 0xac, 0xc1, 0xbd, 0xc8, 0xcb, 0xc9, 0xed, 0xc5, 0xd4, 0xbb, 0xb9, 0xd5, 0xbe, 0xc1, 0xcb, 
    0xca, 0xfd, 0xc8, 0xcb, 0xa3, 0xac, 0xd5, 0xfd, 0xd2, 0xbb, 0xc6, 0xf0, 0xb5, 0xc8, 0xd7, 0xc5, 
    0xc4, 0xc7, 0xd0, 0xa9, 0xc7, 0xe0, 0xc4, 0xea, 0xca, 0xa6, 0xd0, 0xd6, 0xd2, 0xbb, 0xb8, 0xf6, 
    0xb8, 0xf6, 0xbd, 0xab, 0xc6, 0xe4, 0xcb, 0xfb, 0xbd, 0xcf, 0xc2, 0xfd, 0xb5, 0xc4, 0xba, 0xa2, 
    0xd7, 0xd3, 0xcb, 0xcd, 0xc9, 0xcf, 0xc9, 0xbd, 0xc0, 0xb4, 0xa1, 0xa3, 0x0a, 0xa1, 0xa1, 0xa1, 
    0xa1, 0xb5, 0xc8, 0xc1, 0xcb, 0xd2, 0xbb, 0xbb, 0xe1, 0xb6, 0xf9, 0xcb, 0xf9, 0xd3, 0xd0, 0xb5, 
    0xc4, 0xba, 0xa2, 0xd7, 0xd3, 0xb6, 0xbc, 0xb1, 0xbb, 0xcb, 0xcd, 0xc1, 0xcb, 0xc9, 0xcf, 0xc0, 
    0xb4, 0xa3, 0xac, 0xd5, 0xe2, 0xca, 0xb1, 0xd4, 0xc0, 0xcc, 0xc3, 0xd6, 0xf7, 0xc9, 0xcf, 0xc7, 
    0xb0, 0xd2, 0xbb, 0xb2, 0xbd, 0xa3, 0xac, 0xcb, 0xe0, 0xc8, 0xbb, 0xb5, 0xc4, 0xc3, 0xe6, 0xb6, 
    0xd4, 0xd6, 0xda, 0xcd, 0xaf, 0xd7, 0xd3, 0xa1, 0xa3, 0x0a, 0xa1, 0xa1, 0xa1, 0xa1, 0xa1, 0xb0, 
    0xd5, 0xe2, 0xb4, 0xce, 0xba, 0xcf, 0xb8, 0xf1, 0xd5, 0xdf, 0xb9, 0xb2, 0xc6, 0xdf, 0xc8, 0xcb, 
    0xa3, 0xac, 0xc6, 0xe4, 0xd6, 0xd0, 0xc1, 0xf9, 0xc8, 0xcb, 0xbd, 0xf8, 0xc8, 0xeb, 0xb1, 0xbe, 
    0xc3, 0xc5, 0xb0, 0xd9, 0xb6, 0xcd, 0xcc, 0xc3, 0xa3, 0xac, 0xd5, 0xfd, 0xca, 0xbd, 0xb3, 0xc9, 
    0xce, 0xaa, 0xb1, 0xbe, 0xc3, 0xc5, 0xc4, 0xda, 0xc3, 0xc5, 0xb5, 0xdc, 0xd7, 0xd3, 0xa1, 0xa3, 
    0xa1, 0xb1, 0xcb, 0xfb, 0xbb, 0xba, 0xbb, 0xba, 0xb5, 0xd8, 0xcb, 0xb5, 0xb5, 0xc0, 0xa1, 0xa3, 
    0x0a, 0xa1, 0xa1, 0xa1, 0xa1, 0xa1, 0xb0, 0xc1, 0xed, 0xd2, 0xbb, 0xc8, 0xcb, 0xce, 0xe8, 0xd1, 
    0xd2, 0xa3, 0xac, 0xb5, 0xda, 0xd2, 0xbb, 0xb8, 0xf6, 0xb5, 0xbd, 0xb4, 0xef, 0xc9, 0xbd, 0xd1, 
    0xc2, 0xa3, 0xac, 0xb1, 0xed, 0xcf, 0xd6, 0xbd, 0xdc, 0xb3, 0xf6, 0xa3, 0xac, 0xd6, 0xb1, 0xbd, 
    0xd3, 0xb1, 0xa3, 0xcb, 0xcd, 0xb5, 0xbd, 0xc6, 0xdf, 0xbe, 0xf8, 0xcc, 0xc3, 0xd1, 0xa7, 0xcf, 
    0xb0, 0xb1, 0xbe, 0xc3, 0xc5, 0xbe, 0xf8, 0xbc, 0xbc, 0xa1, 0xa3, 0xa1, 0xb1, 0xd4, 0xc0, 0xcc, 
    0xc3, 0xd6, 0xf7, 0xbb, 0xd8, 0xcd, 0xb7, 0xcd, 0xfb, 0xc1, 0xcb, 0xd2, 0xbb, 0xd1, 0xdb, 0xb4, 
    0xa9, 0xd4, 0xb1, 0xcd, 0xe2, 0xc5, 0xdb, 0xb5, 0xc4, 0xc0, 0xcf, 0xd5, 0xdf, 0xa3, 0xac, 0xc0, 
    0xcf, 0xd5, 0xdf, 0xca, 0xd6, 0xc4, 0xed, 0xba, 0xfa, 0xd0, 0xeb, 0xa3, 0xac, 0xc2, 0xfa, 0xd2, 
    0xe2, 0xb5, 0xc4, 0xb3, 0xe5, 0xcb, 0xfb, 0xb5, 0xe3, 0xc1, 0xcb, 0xcf, 0xc2, 0xcd, 0xb7, 0xa1, 
    0xa3, 0x0a, 0xa1, 0xa1, 0xa1, 0xa1, 0xa1, 0xb0, 0xd6, 0xc1, 0xd3, 0xda, 0xc6, 0xe4, 0xcb, 0xfb, 
    0xc8, 0xcb, 0xa1, 0xad, 0xa1, 0xad, 0xa1, 0xb1, 0xd4, 0xc0, 0xcc, 0xc3, 0xd6, 0xf7, 0xb4, 0xf2, 
    0xc1, 0xbf, 0xc1, 0xcb, 0xbc, 0xb8, 0xcf, 0xc2, 0xc6, 0xe4, 0xd3, 0xe0, 0xba, 0xa2, 0xd7, 0xd3, 
    0xa3, 0xac, 0xd3, 0xc3, 0xd3, 0xd2, 0xca, 0xd6, 0xc7, 0xe1, 0xc7, 0xe1, 0xb5, 0xd8, 0xc3, 0xfe, 
    0xc1, 0xcb, 0xc3, 0xfe, 0xd7, 0xd4, 0xbc, 0xba, 0xb5, 0xc4, 0xcf, 0xc2, 0xb0, 0xcd, 0xa3, 0xac, 
    0xc9, 0xd4, 0xce, 0xa2, 0xb3, 0xc1, 0xd2, 0xf7, 0xc1, 0xcb, 0xd2, 0xbb, 0xbb, 0xe1, 0xb6, 0xf9, 
    0xb1, 0xe3, 0xb5, 0xc0, 0xa3, 0xba, 0xa1, 0xb0, 0xd5, 0xc5, 0xcc, 0xfa, 0xa3, 0xac, 0xba, 0xab, 
    0xc1, 0xa2, 0xa3, 0xac, 0xc1, 0xbd, 0xc8, 0xcb, 0xcb, 0xe4, 0xc8, 0xbb, 0xce, 0xb4, 0xb0, 0xb4, 
    0xca, 0xb1, 0xb5, 0xbd, 0xb4, 0xef, 0xd1, 0xc2, 0xb6, 0xa5, 0xa3, 0xac, 0xb5, 0xab, 0xb1, 0xed, 
    0xcf, 0xd6, 0xcd, 0xbb, 0xb3, 0xf6, 0xa3, 0xac, 0xbf, 0xb4, 0xc0, 0xb4, 0xc4, 0xdc, 0xb3, 0xd4, 
    0xb5, 0xc3, 0xcf, 0xb0, 0xce, 0xe4, 0xd6, 0xae, 0xbf, 0xe0, 0xa3, 0xac, 0xc4, 0xe3, 0xc3, 0xc7, 
    0xb6, 0xfe, 0xc8, 0xcb, 0xcf, 0xc8, 0xd4, 0xda, 0xb1, 0xbe, 0xc3, 0xc5, 0xb8, 0xfa, 0xbc, 0xb8, 
    0xc3, 0xfb, 0xbd, 0xcc, 0xcf, 0xb0, 0xb4, 0xf2, 0xcf, 0xc2, 0xb8, 0xf9, 0xbb, 0xf9, 0xa3, 0xac, 
    0xb0, 0xeb, 0xc4, 0xea, 0xba, 0xf3, 0xd4, 0xd9, 0xbf, 0xbc, 0xba, 0xcb, 0xd2, 0xbb, 0xcf, 0xc2, 
    0xa3, 0xac, 0xba, 0xcf, 0xb8, 0xf1, 0xd4, 0xf2, 0xd5, 0xfd, 0xca, 0xbd, 0xb3, 0xc9, 0xce, 0xaa, 
    0xc4, 0xda, 0xc3, 0xc5, 0xb5, 0xdc, 0xd7, 0xd3, 0xa3, 0xac, 0xce, 0xb4, 0xba, 0xcf, 0xb8, 0xf1, 
    0xd4, 0xf2, 0xcb, 0xcd, 0xb5, 0xbd, 0xcd, 0xe2, 0xc3, 0xc5, 0xb5, 0xb1, 0xcd, 0xe2, 0xc3, 0xc5, 
    0xb5, 0xdc, 0xd7, 0xd3, 0xa1, 0xa3, 0xa1, 0xb1, 0x0a, 0xa1, 0xa1, 0xa1, 0xa1, 0xba, 0xab, 0xc1, 
    0xa2, 0xcd, 0xfb, 0xc1, 0xcb, 0xd2, 0xbb, 0xd1, 0xdb, 0xc1, 0xed, 0xd2, 0xbb, 0xc3, 0xfb, 0xcd, 
    0xac, 0xca, 0xb1, 0xd5, 0xbe, 0xb3, 0xf6, 0xc0, 0xb4, 0xa3, 0xac, 0xbd, 0xd0, 0xd5, 0xc5, 0xcc, 
    0xfa, 0xb5, 0xc4, 0xba, 0xa2, 0xd7, 0xd3, 0xa3, 0xac, 0xcb, 0xfb, 0xd5, 0xfd, 0xca, 0xc7, 0xbd, 
    0xf4, 0xb8, 0xfa, 0xd7, 0xd4, 0xbc, 0xba, 0xc9, 0xed, 0xba, 0xf3, 0xa3, 0xac, 0xd2, 0xb2, 0xb5, 
    0xf5, 0xd4, 0xda, 0xc9, 0xfe, 0xcb, 0xf7, 0xc9, 0xcf, 0xa3, 0xac, 0xb2, 0xee, 0xd2, 0xbb, 0xb5, 
    0xe3, 0xc5, 0xc0, 0xb5, 0xbd, 0xd1, 0xc2, 0xb6, 0xa5, 0xb5, 0xc4, 0xc8, 0xcb, 0xa1, 0xa3, 0x0a, 
    0xa1, 0xa1, 0xa1, 0xa1, 0xa1, 0xb0, 0xcd, 0xf5, 0xbb, 0xa4, 0xb7, 0xa8, 0xa3, 0xac, 0xca, 0xa3, 
    0xcf, 0xc2, 0xd6, 0xae, 0xc8, 0xcb, 0xc3, 0xbf, 0xc8, 0xcb, 0xc1, 0xec, 0xd0, 0xa9, 0xd2, 0xf8, 
    0xd7, 0xd3, 0xa3, 0xac, 0xc8, 0xab, 0xb6, 0xbc, 0xc7, 0xb2, 0xcb, 0xcd, 0xbb, 0xd8, 0xbc, 0xd2, 
    0xa1, 0xa3, 0xa1, 0xb1, 0xd4, 0xc0, 0xcc, 0xc3, 0xd6, 0xf7, 0xc0, 0xe4, 0xc0, 0xe4, 0xb5, 0xd8, 
    0xbf, 0xb4, 0xd7, 0xc5, 0xd7, 0xee, 0xba, 0xf3, 0xca, 0xa3, 0xcf, 0xc2, 0xb5, 0xc4, 0xba, 0xa2, 
    0xd7, 0xd3, 0xa1, 0xa3, 0x0a, 0xa1, 0xa1, 0xa1, 0xa1, 0xa1, 0xb0, 0xd7, 0xf1, 0xc3, 0xfc, 0xa3, 
    0xa1, 0xa1, 0xb1, 0xcd, 0xf5, 0xbb, 0xa4, 0xb7, 0xa8, 0xcc, 0xa4, 0xb2, 0xbd, 0xb6, 0xf8, 0xb3, 
    0xf6, 0xa3, 0xac, 0xb9, 0xa7, 0xc9, 0xed, 0xc1, 0xec, 0xc3, 0xfc, 0xa3, 0xac, 0xb0, 0xd1, 0xce, 
    0xb4, 0xb9, 0xfd, 0xb9, 0xd8, 0xb5, 0xc4, 0xba, 0xa2, 0xd7, 0xd3, 0xc1, 0xec, 0xcf, 0xc2, 0xc9, 
    0xbd, 0xd1, 0xc2, 0xa1, 0xa3, 0x0a, 0xa1, 0xa1, 0xa1, 0xa1, 0xa1, 0xb0, 0xd5, 0xc5, 0xbe, 0xf9, 
    0xa3, 0xac, 0xce, 0xe2, 0xc3, 0xfa, 0xc8, 0xf0, 0xa3, 0xac, 0xc4, 0xe3, 0xb6, 0xfe, 0xc8, 0xcb, 
    0xb0, 0xd1, 0xd5, 0xe2, 0xd0, 0xa9, 0xb9, 0xfd, 0xb9, 0xd8, 0xd6, 0xae, 0xc8, 0xcb, 0xb4, 0xf8, 
    0xb5, 0xbd, 0xb1, 0xbe, 0xcc, 0xc3, 0xc8, 0xa5, 0xa3, 0xac, 0xb0, 0xd1, 0xcb, 0xfb, 0xc3, 0xc7, 
    0xb7, 0xd6, 0xb1, 0xf0, 0xbd, 0xbb, 0xd3, 0xda, 0xb9, 0xcb, 0xb8, 0xb1, 0xcc, 0xc3, 0xd6, 0xf7, 
    0xba, 0xcd, 0xc0, 0xee, 0xbd, 0xcc, 0xcf, 0xb0, 0xa1, 0xa3, 0xa1, 0xb1, 0x0a, 0xa1, 0xa1, 0xa1, 
    0xa1, 0xd3, 0xd6, 0xd3, 0xd0, 0xc1, 0xbd, 0xc3, 0xfb, 0xc7, 0xe0, 0xc4, 0xea, 0xc1, 0xec, 0xc3, 
    0xfc, 0xd7, 0xdf, 0xc1, 0xcb, 0xb3, 0xf6, 0xc0, 0xb4, 0xa3, 0xac, 0xb0, 0xd1, 0xba, 0xab, 0xc1, 
    0xa2, 0xcb, 0xfb, 0xc3, 0xc7, 0xb7, 0xd6, 0xb3, 0xc9, 0xc1, 0xcb, 0xc1, 0xbd, 0xd7, 0xe9, 0xa3, 
    0xac, 0xb3, 0xaf, 0xc9, 0xbd, 0xd1, 0xc2, 0xcf, 0xc2, 0xd7, 0xdf, 0xc8, 0xa5, 0xa3, 0xac, 0xc6, 
    0xe4, 0xd6, 0xd0, 0xd2, 0xbb, 0xc8, 0xcb, 0xd5, 0xfd, 0xca, 0xc7, 0xc4, 0xc7, 0xce, 0xbb, 0xc0, 
    0xe4, 0xb1, 0xf9, 0xb1, 0xf9, 0xb5, 0xc4, 0xca, 0xa6, 0xd0, 0xd6, 0xa1, 0xa3, 0xc1, 0xd9, 0xcf, 
    0xc2, 0xc9, 0xbd, 0xd1, 0xc2, 0xca, 0xb1, 0xa3, 0xac, 0xba, 0xab, 0xc1, 0xa2, 0xc8, 0xcc, 0xb2, 
    0xbb, 0xd7, 0xa1, 0xbf, 0xb4, 0xc1, 0xcb, 0xd2, 0xbb, 0xd1, 0xdb, 0xce, 0xe8, 0xd1, 0xd2, 0xa3, 
    0xac, 0xb7, 0xa2, 0xcf, 0xd6, 0xcb, 0xfb, 0xc8, 0xd4, 0xba, 0xcd, 0xc4, 0xc7, 0xce, 0xbb, 0xc0, 
    0xb6, 0xc5, 0xdb, 0xc0, 0xcf, 0xd5, 0xdf, 0xcb, 0xb5, 0xbb, 0xb0, 0xa3, 0xac, 0xc3, 0xbb, 0xd3, 
    0xd0, 0xcb, 0xbf, 0xba, 0xc1, 0xb6, 0xaf, 0xc9, 0xed, 0xb5, 0xc4, 0xd1, 0xf9, 0xd7, 0xd3, 0xa1, 
    0xa3, 0x0a, 0xa1, 0xa1, 0xa1, 0xa1, 0xa1, 0xb0, 0xcb, 0xfb, 0xba, 0xcd, 0xc4, 0xe3, 0xc3, 0xc7, 
    0xb2, 0xbb, 0xd2, 0xbb, 0xd1, 0xf9, 0xa3, 0xac, 0xca, 0xc7, 0xb1, 0xbb, 0xcb, 0xcd, 0xb5, 0xbd, 
    0xc6, 0xdf, 0xbe, 0xf8, 0xcc, 0xc3, 0xb5, 0xc4, 0xba, 0xcb, 0xd0, 0xc4, 0xb5, 0xdc, 0xd7, 0xd3, 
    0xa3, 0xac, 0xd2, 0xbb, 0xb5, 0xa9, 0xd1, 0xa7, 0xb3, 0xc9, 0xb3, 0xf6, 0xc0, 0xb4, 0xa3, 0xac, 
    0xd7, 0xee, 0xc6, 0xf0, 0xc2, 0xeb, 0xd2, 0xb2, 0xca, 0xc7, 0xb8, 0xf6, 0xbb, 0xa4, 0xb7, 0xa8, 
    0xc9, 0xed, 0xb7, 0xdd, 0xa1, 0xa3, 0xa1, 0xb1, 0xc1, 0xed, 0xd2, 0xbb, 0xc3, 0xfb, 0xca, 0xdd, 
    0xb3, 0xa4, 0xc1, 0xb3, 0xb5, 0xc4, 0xca, 0xa6, 0xd0, 0xd6, 0xcb, 0xc6, 0xba, 0xf5, 0xbf, 0xb4, 
    0xb3, 0xf6, 0xc1, 0xcb, 0xba, 0xab, 0xc1, 0xa2, 0xd0, 0xc4, 0xd6, 0xd0, 0xb5, 0xc4, 0xd2, 0xc9, 
    0xce, 0xca, 0xa3, 0xac, 0xd6, 0xf7, 0xb6, 0xaf, 0xbd, 0xf8, 0xd0, 0xd0, 0xc1, 0xcb, 0xbd, 0xe2, 
    0xbb, 0xf3, 0xa3, 0xac, 0xbf, 0xc9, 0xd4, 0xda, 0xcb, 0xfb, 0xb5, 0xc4, 0xbb, 0xb0, 0xd3, 0xef, 
    0xd6, 0xd0, 0xa3, 0xac, 0xcb, 0xc6, 0xba, 0xf5, 0xb4, 0xf8, 0xc1, 0xcb, 0xd2, 0xbb, 0xcb, 0xbf, 
    0xcb, 0xb5, 0xb2, 0xbb, 0xc7, 0xe5, 0xb5, 0xc4, 0xcf, 0xdb, 0xc4, 0xbd, 0xba, 0xcd, 0xbc, 0xb5, 
    0xb6, 0xca, 0xa1, 0xa3, 0x0a, 0xa1, 0xa1, 0xa1, 0xa1, 0xa1, 0xb0, 0xbb, 0xb9, 0xb2, 0xbb, 0xca, 
    0xc7, 0xd5, 0xcc, 0xd7, 0xc5, 0xd3, 0xd0, 0xb8, 0xf6, 0xb5, 0xb1, 0xb8, 0xb1, 0xc3, 0xc5, 0xd6, 
    0xf7, 0xb5, 0xc4, 0xb1, 0xed, 0xbd, 0xe3, 0xb7, 0xf2, 0xa3, 0xac, 0xd2, 0xaa, 0xb2, 0xbb, 0xca, 
    0xc7, 0xcb, 0xfb, 0xd3, 0xd0, 0xb8, 0xf6, 0xb1, 0xed, 0xbd, 0xe3, 0xbc, 0xde, 0xb8, 0xf8, 0xc1, 
    0xcb, 0xc2, 0xed, 0xb8, 0xb1, 0xc3, 0xc5, 0xd6, 0xf7, 0xd7, 0xf6, 0xc1, 0xcb, 0xd0, 0xf8, 0xcf, 
    0xd2, 0xb7, 0xf2, 0xc8, 0xcb, 0xa3, 0xac, 0xb2, 0xbb, 0xc8, 0xbb, 0xc6, 0xbe, 0xcb, 0xfb, 0xa3, 
    0xa1, 0xc4, 0xea, 0xc1, 0xe4, 0xb6, 0xbc, 0xb3, 0xac, 0xb9, 0xfd, 0xc1, 0xcb, 0xc8, 0xeb, 0xc3, 
    0xc5, 0xd2, 0xaa, 0xc7, 0xf3, 0xa3, 0xac, 0xbb, 0xb9, 0xc4, 0xdc, 0xbd, 0xf8, 0xc6, 0xdf, 0xbe, 
    0xf8, 0xcc, 0xc3, 0xa3, 0xbf, 0xa1, 0xb1, 0xc0, 0xe4, 0xb1, 0xf9, 0xb1, 0xf9, 0xb5, 0xc4, 0xca, 
    0xa6, 0xd0, 0xd6, 0xcb, 0xb5, 0xb5, 0xc4, 0xbb, 0xb0, 0xa3, 0xac, 0xc8, 0xc3, 0xc8, 0xcb, 0xb6, 
    0xbc, 0xbe, 0xf5, 0xb5, 0xc3, 0xb1, 0xb3, 0xba, 0xf3, 0xd3, 0xd0, 0xd2, 0xbb, 0xb9, 0xc9, 0xc0, 
    0xe4, 0xc0, 0xe4, 0xb5, 0xc4, 0xc1, 0xb9, 0xc6, 0xf8, 0xd4, 0xda, 0xcd, 0xf9, 0xc9, 0xcf, 0xc3, 
    0xb0, 0xa1, 0xa3, 0x0a, 0xa1, 0xa1, 0xa1, 0xa1, 0xa1, 0xb0, 0xd5, 0xc5, 0xbe, 0xf9, 0xa3, 0xac, 
    0xc4, 0xe3, 0xb2, 0xbb, 0xd2, 0xaa, 0xc3, 0xfc, 0xc1, 0xcb, 0xa3, 0xac, 0xb8, 0xb1, 0xc3, 0xc5, 
    0xd6, 0xf7, 0xd2, 0xb2, 0xca, 0xc7, 0xce, 0xd2, 0xc3, 0xc7, 0xc4, 0xdc, 0xba, 0xfa, 0xc2, 0xd2, 
    0xd2, 0xe9, 0xc2, 0xdb, 0xb5, 0xc4, 0xc8, 0xcb, 0xa3, 0xbf, 0xd2, 0xaa, 0xca, 0xc7, 0xb1, 0xbb, 
    0xc6, 0xe4, 0xcb, 0xfb, 0xcd, 0xac, 0xc3, 0xc5, 0xcc, 0xfd, 0xb5, 0xbd, 0xa3, 0xac, 0xc4, 0xe3, 
    0xce, 0xd2, 0xb6, 0xbc, 0xcc, 0xd3, 0xb2, 0xbb, 0xc1, 0xcb, 0xc3, 0xe6, 0xb1, 0xda, 0xbb, 0xda, 
    0xb9, 0xfd, 0xb5, 0xc4, 0xb3, 0xcd, 0xbd, 0xe4, 0xa3, 0xa1, 0xa1, 0xb1, 0xca, 0xdd, 0xb3, 0xa4, 
    0xc1, 0xb3, 0xb5, 0xc4, 0xca, 0xa6, 0xd0, 0xd6, 0xcc, 0xfd, 0xc1, 0xcb, 0xc0, 0xe4, 0xc0, 0xe4, 
    0xca, 0xa6, 0xd0, 0xd6, 0xb5, 0xc4, 0xbb, 0xb0, 0xa3, 0xac, 0xb3, 0xd4, 0xc1, 0xcb, 0xd2, 0xbb, 
    0xbe, 0xaa, 0xa3, 0xac, 0xbb, 0xc5, 0xc3, 0xa6, 0xcb, 0xc4, 0xb4, 0xa6, 0xb2, 0xec, 0xbf, 0xb4, 
    0xd2, 0xbb, 0xb7, 0xac, 0xa3, 0xac, 0xbf, 0xb4, 0xb5, 0xbd, 0xb3, 0xfd, 0xc1, 0xcb, 0xd5, 0xe2, 
    0xbc, 0xb8, 0xce, 0xbb, 0xd0, 0xa1, 0xba, 0xa2, 0xc3, 0xbb, 0xd3, 0xd0, 0xc6, 0xe4, 0xcb, 0xfb, 
    0xcd, 0xe2, 0xc8, 0xcb, 0xa3, 0xac, 0xd5, 0xe2, 0xb2, 0xc5, 0xcb, 0xc9, 0xc1, 0xcb, 0xd2, 0xbb, 
    0xbf, 0xda, 0xc6, 0xf8, 0xa1, 0xa3, 0x0a, 0xa1, 0xa1, 0xa1, 0xa1, 0xc0, 0xe4, 0xc0, 0xe4, 0xb5, 
    0xc4, 0xca, 0xa6, 0xd0, 0xd6, 0xc0, 0xe4, 0xba, 0xdf, 0xc1, 0xcb, 0xd2, 0xbb, 0xc9, 0xf9, 0xa3, 
    0xac, 0xcb, 0xc6, 0xba, 0xf5, 0xd0, 0xc4, 0xc0, 0xef, 0xd2, 0xb2, 0xd3, 0xd0, 0xd0, 0xa9, 0xb9, 
    0xcb, 0xbc, 0xc9, 0xa3, 0xac, 0xb1, 0xe3, 0xb2, 0xbb, 0xd4, 0xd9, 0xd1, 0xd4, 0xd3, 0xef, 0xc1, 
    0xcb, 0xa3, 0xac, 0xba, 0xab, 0xc1, 0xa2, 0xd5, 0xe2, 0xca, 0xb1, 0xb2, 0xc5, 0xd6, 0xaa, 0xb5, 
    0xc0, 0xd5, 0xe2, 0xce, 0xbb, 0xc0, 0xe4, 0xc0, 0xe4, 0xb5, 0xc4, 0xca, 0xa6, 0xd0, 0xd6, 0xbd, 
    0xd0, 0xd5, 0xc5, 0xbe, 0xf9, 0xa1, 0xa3, 0xb6, 0xd4, 0xcb, 0xfb, 0xc3, 0xc7, 0xcb, 0xb5, 0xb5, 
    0xc4, 0xbb, 0xb0, 0xba, 0xab, 0xc1, 0xa2, 0xd0, 0xc4, 0xc0, 0xef, 0xcb, 0xc6, 0xb6, 0xae, 0xb7, 
    0xc7, 0xb6, 0xae, 0xa3, 0xac, 0xb5, 0xab, 0xd2, 0xfe, 0xd2, 0xfe, 0xd4, 0xbc, 0xd4, 0xbc, 0xb5, 
    0xc4, 0xd6, 0xaa, 0xb5, 0xc0, 0xa3, 0xac, 0xce, 0xe8, 0xd1, 0xd2, 0xb2, 0xa2, 0xb7, 0xc7, 0xbf, 
    0xbf, 0xd5, 0xe6, 0xb2, 0xc5, 0xca, 0xb5, 0xd1, 0xa7, 0xbd, 0xf8, 0xb5, 0xc4, 0xc4, 0xc7, 0xb8, 
    0xf6, 0xc6, 0xdf, 0xbe, 0xf8, 0xcc, 0xc3, 0xa3, 0xac, 0xb6, 0xf8, 0xca, 0xc7, 0xd2, 0xf2, 0xce, 
    0xaa, 0xc3, 0xc5, 0xc4, 0xda, 0xd3, 0xd0, 0xb8, 0xf6, 0xb8, 0xb1, 0xc3, 0xc5, 0xd6, 0xf7, 0xb5, 
    0xc4, 0xc7, 0xd7, 0xc6, 0xdd, 0xd7, 0xf6, 0xbf, 0xbf, 0xc9, 0xbd, 0xa3, 0xac, 0xb2, 0xc5, 0xc4, 
    0xdc, 0xba, 0xc1, 0xb2, 0xbb, 0xb7, 0xd1, 0xc1, 0xa6, 0xb5, 0xc3, 0xd2, 0xd4, 0xbd, 0xf8, 0xc8, 
    0xeb, 0xa1, 0xa3, 0x0a, 0xa1, 0xa1, 0xa1, 0xa1, 0xd7, 0xdf, 0xd4, 0xda, 0xc9, 0xbd, 0xc2, 0xb7, 
    0xc9, 0xcf, 0xa3, 0xac, 0xd5, 0xe2, 0xc1, 0xbd, 0xce, 0xbb, 0xca, 0xa6, 0xd0, 0xd6, 0xd0, 0xc4, 
    0xc0, 0xef, 0xb6, 0xbc, 0xcf, 0xeb, 0xc6, 0xf0, 0xc1, 0xcb, 0xc3, 0xc5, 0xc4, 0xda, 0xc1, 0xee, 
    0xc8, 0xcb, 0xb8, 0xd0, 0xb5, 0xbd, 0xbe, 0xda, 0xc9, 0xa5, 0xb5, 0xc4, 0xd2, 0xbb, 0xd0, 0xa9, 
    0xca, 0xc2, 0xc7, 0xe9, 0xa3, 0xac, 0xd4, 0xd9, 0xd2, 0xb2, 0xc3, 0xbb, 0xd3, 0xd0, 0xd0, 0xc4, 
    0xc7, 0xe9, 0xbf, 0xaa, 0xbf, 0xda, 0xcb, 0xb5, 0xbb, 0xb0, 0xa3, 0xac, 0xd6, 0xbb, 0xca, 0xc7, 
    0xc4, 0xac, 0xc4, 0xac, 0xb5, 0xd8, 0xc1, 0xec, 0xd7, 0xc5, 0xcb, 0xfb, 0xc3, 0xc7, 0xcd, 0xf9, 
    0xc7, 0xb0, 0xd7, 0xdf, 0xa3, 0xac, 0xb6, 0xf8, 0xba, 0xab, 0xc1, 0xa2, 0xb5, 0xc8, 0xc8, 0xcb, 
    0xb8, 0xfc, 0xca, 0xc7, 0xb2, 0xbb, 0xb8, 0xd2, 0xcb, 0xbd, 0xcf, 0xc2, 0xc0, 0xef, 0xcb, 0xb5, 
    0xbb, 0xb0, 0xa3, 0xac, 0xd2, 0xb2, 0xd0, 0xed, 0xcb, 0xfb, 0xc3, 0xc7, 0xd0, 0xc4, 0xc0, 0xef, 
    0xb6, 0xbc, 0xd2, 0xd1, 0xd2, 0xfe, 0xd4, 0xbc, 0xb5, 0xc4, 0xd2, 0xe2, 0xca, 0xb6, 0xb5, 0xbd, 
    0xc6, 0xdf, 0xd0, 0xfe, 0xc3, 0xc5, 0xba, 0xcd, 0xd4, 0xda, 0xbc, 0xd2, 0xd6, 0xd0, 0xd2, 0xbb, 
    0xd0, 0xa9, 0xb2, 0xbb, 0xd2, 0xbb, 0xd1, 0xf9, 0xb5, 0xc4, 0xb5, 0xd8, 0xb7, 0xbd, 0xa1, 0xa3, 
    0x0a, 0xa1, 0xa1, 0xa1, 0xa1, 0xd4, 0xda, 0xbe, 0xad, 0xb9, 0xfd, 0xd2, 0xbb, 0xc6, 0xac, 0xc3, 
    0xaf, 0xc3, 0xdc, 0xb5, 0xc4, 0xca, 0xf7, 0xc1, 0xd6, 0xca, 0xb1, 0xa3, 0xac, 0xb4, 0xd3, 0xc1, 
    0xd6, 0xd7, 0xd3, 0xc0, 0xef, 0xbb, 0xba, 0xbb, 0xba, 0xd7, 0xdf, 0xb3, 0xf6, 0xd2, 0xbb, 0xce, 
    0xbb, 0xc0, 0xcf, 0xc8, 0xcb, 0xa3, 0xac, 0xd5, 0xe2, 0xc8, 0xcb, 0xc1, 0xf9, 0xca, 0xae, 0xd3, 
    0xe0, 0xcb, 0xea, 0xa3, 0xac, 0xb3, 0xa4, 0xb5, 0xc4, 0xb8, 0xdf, 0xb8, 0xdf, 0xca, 0xdd, 0xca, 
    0xdd, 0xa3, 0xac, 0xc3, 0xe6, 0xc6, 0xa4, 0xbd, 0xb9, 0xbb, 0xc6, 0xa3, 0xac, 0xc8, 0xb4, 0xc1, 
    0xf4, 0xd3, 0xd0, 0xd2, 0xbb, 0xcd, 0xb7, 0xb3, 0xa4, 0xb5, 0xbd, 0xc5, 0xfb, 0xbc, 0xe7, 0xb5, 
    0xc4, 0xb0, 0xd7, 0xb7, 0xa2, 0xa3, 0xac, 0xd5, 0xe2, 0xc0, 0xcf, 0xd5, 0xdf, 0xd2, 0xbb, 0xb1, 
    0xdf, 0xd7, 0xdf, 0xd2, 0xbb, 0xb1, 0xdf, 0xb2, 0xbb, 0xcd, 0xa3, 0xb5, 0xd8, 0xb9, 0xad, 0xd7, 
    0xc5, 0xc9, 0xed, 0xd7, 0xd3, 0xbf, 0xc8, 0xcb, 0xd4, 0xa3, 0xac, 0xbf, 0xb4, 0xcb, 0xfb, 0xbf, 
    0xc8, 0xcb, 0xd4, 0xb5, 0xc4, 0xd0, 0xc1, 0xbf, 0xe0, 0xd1, 0xf9, 0xd7, 0xd3, 0xa3, 0xac, 0xcb, 
    0xc6, 0xba, 0xf5, 0xcb, 0xfb, 0xcb, 0xe6, 0xca, 0xb1, 0xb6, 0xbc, 0xd3, 0xd0, 0xb5, 0xb9, 0xcf, 
    0xc2, 0xb5, 0xc4, 0xbf, 0xc9, 0xc4, 0xdc, 0xa3, 0xac, 0xc1, 0xee, 0xc8, 0xcb, 0xca, 0xae, 0xb7, 
    0xd6, 0xb5, 0xa3, 0xd0, 0xc4, 0xa1, 0xa3, 0x0a, 0xa1, 0xa1, 0xa1, 0xa1, 0xd5, 0xc5, 0xbe, 0xf9, 
    0xb6, 0xfe, 0xc8, 0xcb, 0xd2, 0xbb, 0xbc, 0xfb, 0xb4, 0xcb, 0xc8, 0xcb, 0xa3, 0xac, 0xc8, 0xb4, 
    0xc3, 0xbb, 0xd3, 0xd0, 0xd2, 0xbb, 0xb5, 0xe3, 0xb5, 0xa3, 0xd0, 0xc4, 0xb5, 0xc4, 0xd1, 0xf9, 
    0xd7, 0xd3, 0xa3, 0xac, 0xb7, 0xb4, 0xb6, 0xf8, 0xbc, 0xb1, 0xc3, 0xa6, 0xd7, 0xdf, 0xc9, 0xcf, 
    0xc7, 0xb0, 0xc8, 0xa5, 0xa3, 0xac, 0xb9, 0xa7, 0xb9, 0xa7, 0xbe, 0xb4, 0xbe, 0xb4, 0xb5, 0xd8, 
    0xb6, 0xd4, 0xd5, 0xe2, 0xc3, 0xfb, 0xc0, 0xcf, 0xd5, 0xdf, 0xc9, 0xee, 0xca, 0xa9, 0xd2, 0xbb, 
    0xc0, 0xf1, 0xa1, 0xa3, 0x0a, 0xa1, 0xa1, 0xa1, 0xa1, 0xa1, 0xb0, 0xc4, 0xab, 0xb4, 0xf3, 0xb7, 
    0xf2, 0xa3, 0xac, 0xc4, 0xfa, 0xc0, 0xcf, 0xc8, 0xcb, 0xbc, 0xd2, 0xba, 0xc3, 0xa3, 0xac, 0xd3, 
    0xd0, 0xca, 0xb2, 0xc3, 0xb4, 0xca, 0xc2, 0xd2, 0xaa, 0xb7, 0xd4, 0xb8, 0xc0, 0xb5, 0xdc, 0xd7, 
    0xd3, 0xd7, 0xf6, 0xc2, 0xf0, 0xa3, 0xbf, 0xa1, 0xb1, 0xd5, 0xc5, 0xbe, 0xf9, 0xd2, 0xbb, 0xb7, 
    0xb4, 0xd2, 0xd4, 0xcd, 0xf9, 0xc0, 0xe4, 0xc0, 0xe4, 0xb5, 0xc4, 0xc9, 0xf1, 0xc7, 0xe9, 0xa3, 
    0xac, 0xc1, 0xb3, 0xc9, 0xcf, 0xb3, 0xe4, 0xc2, 0xfa, 0xc1, 0xcb, 0xbe, 0xb4, 0xd2, 0xe2, 0xa3, 
    0xac, 0xb6, 0xd4, 0xcb, 0xfb, 0xc0, 0xb4, 0xcb, 0xb5, 0xa3, 0xac, 0xd5, 0xe2, 0xc3, 0xfb, 0xc0, 
    0xcf, 0xd5, 0xdf, 0xb1, 0xc8, 0xcc, 0xc3, 0xd6, 0xf7, 0xa1, 0xa2, 0xc9, 0xf5, 0xd6, 0xc1, 0xb8, 
    0xb1, 0xc3, 0xc5, 0xd6, 0xf7, 0xb8, 0xfc, 0xd6, 0xb5, 0xb5, 0xc3, 0xd7, 0xf0, 0xbe, 0xb4, 0xa1, 
    0xa3, 0x0a, 0xa1, 0xa1, 0xa1, 0xa1, 0xa1, 0xb0, 0xc5, 0xb6, 0xa3, 0xac, 0xd5, 0xe2, 0xca, 0xc7, 
    0xb8, 0xd5, 0xc9, 0xcf, 0xc9, 0xbd, 0xb5, 0xc4, 0xd0, 0xc2, 0xc0, 0xb4, 0xb5, 0xdc, 0xd7, 0xd3, 
    0xc2, 0xf0, 0xa3, 0xbf, 0xa1, 0xb1, 0xc0, 0xcf, 0xd5, 0xdf, 0xd6, 0xd5, 0xd3, 0xda, 0xd6, 0xb9, 
    0xd7, 0xa1, 0xbf, 0xc8, 0xcb, 0xd4, 0xa3, 0xac, 0xd3, 0xc3, 0xc9, 0xb3, 0xd1, 0xc6, 0xb5, 0xc4, 
    0xc9, 0xf9, 0xd2, 0xf4, 0xbb, 0xba, 0xbb, 0xba, 0xce, 0xca, 0xb5, 0xc0, 0xa1, 0xa3, 0x0a, 0xa1, 
    0xa1, 0xa1, 0xa1, 0xa1, 0xb0, 0xca, 0xc7, 0xb5, 0xc4, 0xa1, 0xa3, 0xd5, 0xe2, 0xd0, 0xa9, 0xc8, 
    0xcb, 0xd6, 0xd0, 0xd3, 0xd0, 0xc1, 0xf9, 0xc3, 0xfb, 0xd5, 0xfd, 0xca, 0xbd, 0xb5, 0xdc, 0xd7, 
    0xd3, 0xa3, 0xac, 0xc1, 0xbd, 0xc3, 0xfb, 0xbc, 0xc7, 0xc3, 0xfb, 0xb5, 0xdc, 0xd7, 0xd3, 0xa1, 
    0xa3, 0xa1, 0xb1, 0xd5, 0xc5, 0xbe, 0xf9, 0xd7, 0xd0, 0xcf, 0xb8, 0xb5, 0xc4, 0xbb, 0xd8, 0xb4, 
    0xf0, 0xb5, 0xc0, 0xa1, 0xa3, 0x0a, 0xa1, 0xa1, 0xa1, 0xa1, 0xa1, 0xb0, 0xce, 0xd2, 0xcf, 0xd6, 
    0xd4, 0xda, 0xc8, 0xcb, 0xca, 0xd6, 0xb2, 0xbb, 0xb9, 0xbb, 0xa3, 0xac, 0xbb, 0xb9, 0xc8, 0xb1, 
    0xd2, 0xbb, 0xc3, 0xfb, 0xc1, 0xb6, 0xd2, 0xa9, 0xb5, 0xdc, 0xd7, 0xd3, 0xba, 0xcd, 0xd2, 0xbb, 
    0xc3, 0xfb, 0xb2, 0xc9, 0xd2, 0xa9, 0xb5, 0xdc, 0xd7, 0xd3, 0xa3, 0xac, 0xd5, 0xe2, 0xc1, 0xbd, 
    0xc8, 0xcb, 0xb8, 0xfa, 0xce, 0xd2, 0xd7, 0xdf, 0xb0, 0xc9, 0xa1, 0xa3, 0xa1, 0xb1, 0xd5, 0xe2, 
    0xc3, 0xfb, 0xc4, 0xab, 0xb4, 0xf3, 0xb7, 0xf2, 0xcb, 0xe6, 0xca, 0xd6, 0xd2, 0xbb, 0xd6, 0xb8, 
    0xa3, 0xac, 0xd5, 0xfd, 0xba, 0xc3, 0xd6, 0xb8, 0xcf, 0xf2, 0xba, 0xab, 0xc1, 0xa2, 0xb5, 0xc8, 
    0xc1, 0xbd, 0xc3, 0xfb, 0xbc, 0xc7, 0xc3, 0xfb, 0xb5, 0xdc, 0xd7, 0xd3, 0xa3, 0xac, 0xbb, 0xb0, 
    0xd3, 0xef, 0xd6, 0xd0, 0xb3, 0xe4, 0xc2, 0xfa, 0xc1, 0xcb, 0xc1, 0xee, 0xc8, 0xcb, 0xb2, 0xbb, 
    0xc8, 0xdd, 0xd6, 0xc3, 0xd2, 0xc9, 0xb5, 0xc4, 0xd3, 0xef, 0xc6, 0xf8, 0xa1, 0xa3, 0x0a, 0xa1, 
    0xa1, 0xa1, 0xa1, 0xa1, 0xb0, 0xd7, 0xf1, 0xc3, 0xfc, 0xa3, 0xac, 0xd5, 0xe2, 0xb6, 0xfe, 0xc8, 
    0xcb, 0xca, 0xc7, 0xbc, 0xc7, 0xc3, 0xfb, 0xb5, 0xdc, 0xd7, 0xd3, 0xa3, 0xac, 0xc4, 0xdc, 0xb1, 
    0xbb, 0xc4, 0xab, 0xb4, 0xf3, 0xb7, 0xf2, 0xc4, 0xfa, 0xc0, 0xcf, 0xbf, 0xb4, 0xd6, 0xd0, 0xa3, 
    0xac, 0xca, 0xc7, 0xcb, 0xfb, 0xc3, 0xc7, 0xb6, 0xfe, 0xc8, 0xcb, 0xb5, 0xc4, 0xb8, 0xa3, 0xc6, 
    0xf8, 0xa3, 0xac, 0xbb, 0xb9, 0xb2, 0xbb, 0xb9, 0xfd, 0xc0, 0xb4, 0xb8, 0xf8, 0xc4, 0xab, 0xc0, 
    0xcf, 0xbc, 0xfb, 0xc0, 0xf1, 0xa3, 0xac, 0xd2, 0xaa, 0xca, 0xc7, 0xc4, 0xdc, 0xd1, 0xa7, 0xb5, 
    0xbd, 0xcb, 0xfb, 0xc0, 0xcf, 0xc8, 0xcb, 0xbc, 0xd2, 0xd2, 0xbb, 0xc1, 0xbd, 0xca, 0xd6, 0xd2, 
    0xbd, 0xca, 0xf5, 0xa3, 0xac, 0xca, 0xc7, 0xc4, 0xe3, 0xc3, 0xc7, 0xb6, 0xfe, 0xc8, 0xcb, 0xd2, 
    0xbb, 0xc9, 0xfa, 0xb5, 0xc4, 0xd4, 0xec, 0xbb, 0xaf, 0xa3, 0xa1, 0xa1, 0xb1, 0xc1, 0xbd, 0xce, 
    0xbb, 0xca, 0xa6, 0xd0, 0xd6, 0xc3, 0xbb, 0xd3, 0xd0, 0xcb, 0xbf, 0xba, 0xc1, 0xb7, 0xb4, 0xb6, 
    0xd4, 0xb5, 0xc4, 0xd2, 0xe2, 0xcb, 0xbc, 0xa3, 0xac, 0xca, 0xdd, 0xb3, 0xa4, 0xc1, 0xb3, 0xb5, 
    0xc4, 0xce, 0xe2, 0xc3, 0xfa, 0xc8, 0xf0, 0xc9, 0xf5, 0xd6, 0xc1, 0xb4, 0xf3, 0xc5, 0xc4, 0xd5, 
    0xe2, 0xce, 0xbb, 0xc0, 0xcf, 0xd5, 0xdf, 0xb5, 0xc4, 0xc2, 0xed, 0xc6, 0xa8, 0xa1, 0xa3, 0x0a, 
    0xa1, 0xa1, 0xa1, 0xa1, 0xba, 0xab, 0xc1, 0xa2, 0xba, 0xcd, 0xd5, 0xc5, 0xcc, 0xfa, 0xbc, 0xfb, 
    0xc1, 0xbd, 0xce, 0xbb, 0xca, 0xa6, 0xd0, 0xd6, 0xc3, 0xbb, 0xd3, 0xd0, 0xd2, 0xe2, 0xbc, 0xfb, 
    0xa3, 0xac, 0xd7, 0xd4, 0xc8, 0xbb, 0xd2, 0xb2, 0xc3, 0xbb, 0xd3, 0xd0, 0xb7, 0xb4, 0xb6, 0xd4, 
    0xb5, 0xc4, 0xc8, 0xa8, 0xc0, 0xfb, 0xa3, 0xac, 0xb8, 0xfa, 0xd7, 0xc5, 0xd5, 0xe2, 0xce, 0xbb, 
    0xc0, 0xcf, 0xd5, 0xdf, 0xd7, 0xdf, 0xbd, 0xf8, 0xc1, 0xcb, 0xc1, 0xd6, 0xd7, 0xd3, 0xa1, 0xa3, 
    0x0a, 0xa1, 0xa1, 0xa1, 0xa1, 0xd5, 0xe2, 0xce, 0xbb, 0xc0, 0xcf, 0xd5, 0xdf, 0xb4, 0xf8, 0xd7, 
    0xc5, 0xb6, 0xfe, 0xc8, 0xcb, 0xa3, 0xac, 0xc2, 0xfd, 0xcc, 0xda, 0xcc, 0xda, 0xb5, 0xc4, 0xd1, 
    0xd8, 0xd7, 0xc5, 0xca, 0xf7, 0xc1, 0xd6, 0xd6, 0xd0, 0xb5, 0xc4, 0xd0, 0xa1, 0xc2, 0xb7, 0xcd, 
    0xf9, 0xc7, 0xb0, 0xd7, 0xdf, 0xa3, 0xac, 0xb6, 0xab, 0xd2, 0xbb, 0xd7, 0xaa, 0xce, 0xf7, 0xd2, 
    0xbb, 0xd7, 0xaa, 0xa3, 0xac, 0xd1, 0xdb, 0xc7, 0xb0, 0xba, 0xf6, 0xc8, 0xbb, 0xd2, 0xbb, 0xc1, 
    0xc1, 0xa3, 0xac, 0xd2, 0xbb, 0xb8, 0xf6, 0xd3, 0xf4, 0xd3, 0xf4, 0xb4, 0xd0, 0xb4, 0xd0, 0xa1, 
    0xa2, 0xb3, 0xe4, 0xc2, 0xfa, 0xc9, 0xfa, 0xc6, 0xf8, 0xb5, 0xc4, 0xb4, 0xe4, 0xc2, 0xcc, 0xc9, 
    0xab, 0xd0, 0xa1, 0xc9, 0xbd, 0xb9, 0xc8, 0xa3, 0xac, 0xb3, 0xf6, 0xcf, 0xd6, 0xd4, 0xda, 0xc1, 
    0xcb, 0xbc, 0xb8, 0xc8, 0xcb, 0xd1, 0xdb, 0xc7, 0xb0, 0xa1, 0xa3, 0x0a, 0xa1, 0xa1, 0xa1, 0xa1, 
    0xd4, 0xda, 0xc9, 0xbd, 0xb9, 0xc8, 0xb5, 0xc4, 0xd7, 0xf3, 0xb2, 0xe0, 0xca, 0xc7, 0xd2, 0xbb, 
    0xb4, 0xf3, 0xc6, 0xac, 0xc9, 0xa2, 0xb7, 0xa2, 0xd7, 0xc5, 0xc5, 0xa8, 0xd3, 0xf4, 0xd2, 0xa9, 
    0xcf, 0xe3, 0xce, 0xb6, 0xb5, 0xc4, 0xcc, 0xef, 0xd4, 0xb0, 0xa3, 0xac, 0xd4, 0xb0, 0xc4, 0xda, 
    0xd6, 0xd6, 0xd7, 0xc5, 0xd0, 0xed, 0xb6, 0xe0, 0xba, 0xab, 0xc1, 0xa2, 0xbd, 0xd0, 0xb2, 0xbb, 
    0xc9, 0xcf, 0xc3, 0xfb, 0xd7, 0xd6, 0xb5, 0xc4, 0xd2, 0xa9, 0xb2, 0xdd, 0xa3, 0xac, 0xb6, 0xf8, 
    0xd4, 0xda, 0xd3, 0xd2, 0xb2, 0xe0, 0xd3, 0xd0, 0xca, 0xae, 0xbc, 0xb8, 0xbc, 0xe4, 0xb4, 0xf3, 
    0xb4, 0xf3, 0xd0, 0xa1, 0xd0, 0xa1, 0xc1, 0xac, 0xb3, 0xc9, 0xd2, 0xbb, 0xc6, 0xac, 0xb5, 0xc4, 
    0xb7, 0xbf, 0xce, 0xdd, 0xa3, 0xac, 0xcd, 0xf9, 0xcb, 0xc4, 0xd6, 0xdc, 0xbf, 0xb4, 0xc1, 0xcb, 
    0xcf, 0xc2, 0xa3, 0xac, 0xb3, 0xfd, 0xc1, 0xcb, 0xbd, 0xf8, 0xc0, 0xb4, 0xb5, 0xc4, 0xc8, 0xeb, 
    0xbf, 0xda, 0xa3, 0xac, 0xbf, 0xb4, 0xc6, 0xf0, 0xc0, 0xb4, 0xd4, 0xd9, 0xd2, 0xb2, 0xc3, 0xbb, 
    0xd3, 0xd0, 0xc6, 0xe4, 0xcb, 0xfc, 0xcd, 0xa8, 0xb5, 0xbd, 0xcd, 0xe2, 0xb1, 0xdf, 0xb5, 0xc4, 
    0xb3, 0xf6, 0xbf, 0xda, 0xc1, 0xcb, 0xa1, 0xa3, 0x0a, 0xa1, 0xa1, 0xa1, 0xa1, 0xa1, 0xb0, 0xd5, 
    0xe2, 0xca, 0xc7, 0xc9, 0xf1, 0xca, 0xd6, 0xb9, 0xc8, 0xa3, 0xac, 0xb3, 0xfd, 0xc1, 0xcb, 0xb9, 
    0xc8, 0xc4, 0xda, 0xb5, 0xdc, 0xd7, 0xd3, 0xa3, 0xac, 0xcd, 0xe2, 0xc8, 0xcb, 0xb3, 0xfd, 0xc1, 
    0xcb, 0xc9, 0xfa, 0xb2, 0xa1, 0xca, 0xdc, 0xc9, 0xcb, 0xd2, 0xbb, 0xb0, 0xe3, 0xb2, 0xbb, 0xbb, 
    0xe1, 0xc0, 0xb4, 0xb4, 0xcb, 0xb5, 0xd8, 0xa3, 0xac, 0xc4, 0xe3, 0xb6, 0xfe, 0xc8, 0xcb, 0xd2, 
    0xd4, 0xba, 0xf3, 0xbe, 0xcd, 0xd7, 0xa1, 0xd4, 0xda, 0xd5, 0xe2, 0xc0, 0xef, 0xc1, 0xcb, 0xa3, 
    0xac, 0xcf, 0xc8, 0xc8, 0xa5, 0xd0, 0xdd, 0xcf, 0xa2, 0xd2, 0xbb, 0xcf, 0xc2, 0xa3, 0xac, 0xcd, 
    0xed, 0xc9, 0xcf, 0xd4, 0xd9, 0xc0, 0xb4, 0xb4, 0xf3, 0xcc, 0xc3, 0xbc, 0xfb, 0xce, 0xd2, 0xa3, 
    0xac, 0xce, 0xd2, 0xd3, 0xd0, 0xbb, 0xb0, 0xb6, 0xd4, 0xc4, 0xe3, 0xc3, 0xc7, 0xcb, 0xb5, 0xa1, 
    0xa3, 0xa1, 0xb1, 0xc0, 0xcf, 0xd5, 0xdf, 0xd5, 0xbe, 0xd4, 0xda, 0xbc, 0xb8, 0xbc, 0xe4, 0xbd, 
    0xf4, 0xc1, 0xac, 0xd7, 0xc5, 0xb5, 0xc4, 0xb7, 0xbf, 0xd7, 0xd3, 0xc7, 0xb0, 0xa3, 0xac, 0xd6, 
    0xb8, 0xc1, 0xcb, 0xd6, 0xb8, 0xc6, 0xe4, 0xd6, 0xd0, 0xbd, 0xcf, 0xd0, 0xa1, 0xb5, 0xc4, 0xd2, 
    0xbb, 0xbc, 0xe4, 0xce, 0xdd, 0xd7, 0xd3, 0xa1, 0xa3, 0x0a, 0xa1, 0xa1, 0xa1, 0xa1, 0xa1, 0xb0, 
    0xc4, 0xe3, 0xc3, 0xc7, 0xd2, 0xd4, 0xba, 0xf3, 0xbf, 0xc9, 0xd2, 0xd4, 0xbd, 0xd0, 0xce, 0xd2, 
    0xc4, 0xab, 0xc0, 0xcf, 0xa3, 0xac, 0xa1, 0xb1, 0xc0, 0xcf, 0xd5, 0xdf, 0xcb, 0xb5, 0xcd, 0xea, 
    0xcd, 0xa3, 0xb6, 0xd9, 0xc1, 0xcb, 0xd2, 0xbb, 0xcf, 0xc2, 0xd3, 0xd6, 0xb5, 0xc0, 0xa3, 0xba, 
    0xa1, 0xb0, 0xbd, 0xd0, 0xce, 0xd2, 0xc4, 0xab, 0xb4, 0xf3, 0xb7, 0xf2, 0xd2, 0xb2, 0xd0, 0xd0, 
    0xa1, 0xa3, 0xa1, 0xb1, 0x0a, 0xa1, 0xa1, 0xa1, 0xa1, 0xcb, 0xb5, 0xcd, 0xea, 0xbb, 0xb0, 0xc4, 
    0xab, 0xb4, 0xf3, 0xb7, 0xf2, 0xb1, 0xe3, 0xb2, 0xbb, 0xc0, 0xed, 0xb6, 0xfe, 0xc8, 0xcb, 0xa3, 
    0xac, 0xd2, 0xbb, 0xb2, 0xbd, 0xd2, 0xbb, 0xb2, 0xbd, 0xb5, 0xd8, 0xbf, 0xc8, 0xcb, 0xd4, 0xd7, 
    0xc5, 0xd7, 0xdf, 0xbd, 0xf8, 0xc1, 0xcb, 0xc1, 0xed, 0xd2, 0xbb, 0xbc, 0xe4, 0xb1, 0xc8, 0xbd, 
    0xcf, 0xc6, 0xf8, 0xc5, 0xc9, 0xb5, 0xc4, 0xb4, 0xf3, 0xce, 0xdd, 0xc4, 0xda, 0xa1, 0xa3, 0x0a, 
    0xa1, 0xa1, 0xa1, 0xa1, 0xba, 0xab, 0xc1, 0xa2, 0xd4, 0xe7, 0xd2, 0xd1, 0xc6, 0xa3, 0xb1, 0xb9, 
    0xb2, 0xbb, 0xbf, 0xb0, 0xa3, 0xac, 0xd2, 0xb2, 0xb2, 0xbb, 0xb9, 0xdc, 0xc1, 0xed, 0xd2, 0xbb, 
    0xc3, 0xfb, 0xbd, 0xd0, 0xd5, 0xc5, 0xcc, 0xfa, 0xb5, 0xc4, 0xba, 0xa2, 0xd7, 0xd3, 0xa3, 0xac, 
    0xd7, 0xd4, 0xbc, 0xba, 0xd2, 0xbb, 0xcd, 0xb7, 0xd4, 0xd4, 0xbd, 0xf8, 0xb7, 0xbf, 0xc4, 0xda, 
    0xd2, 0xbb, 0xd5, 0xc5, 0xc4, 0xbe, 0xb4, 0xb2, 0xc9, 0xcf, 0xa3, 0xac, 0xb1, 0xe3, 0xbb, 0xe8, 
    0xbb, 0xe8, 0xb3, 0xc1, 0xb3, 0xc1, 0xb5, 0xd8, 0xcb, 0xaf, 0xc1, 0xcb, 0xb9, 0xfd, 0xc8, 0xa5, 
    0xa3, 0xac, 0xb6, 0xd4, 0xcb, 0xfb, 0xc0, 0xb4, 0xcb, 0xb5, 0xa3, 0xac, 0xb2, 0xbb, 0xb9, 0xdc, 
    0xd4, 0xf5, 0xd1, 0xf9, 0xd7, 0xd4, 0xbc, 0xba, 0xd2, 0xd1, 0xbe, 0xad, 0xbf, 0xc9, 0xd2, 0xd4, 
    0xcb, 0xe3, 0xca, 0xc7, 0xb0, 0xeb, 0xb8, 0xf6, 0xc6, 0xdf, 0xd0, 0xfe, 0xc3, 0xc5, 0xb5, 0xdc, 
    0xd7, 0xd3, 0xc1, 0xcb, 0xa1, 0xa3, 0x0a, 0x0a, 
};

const uint32_t embedded_novel_data_size = 22184;
